<stg><name>Receiver::receiverThread</name>


<trans_list>

<trans id="35" from="1" to="2">
<condition id="5">
<or_exp><and_exp></and_exp></or_exp>
</condition>
</trans>

<trans id="36" from="2" to="3">
<condition id="6">
<or_exp><and_exp></and_exp></or_exp>
</condition>
</trans>

<trans id="37" from="3" to="4">
<condition id="7">
<or_exp><and_exp></and_exp></or_exp>
</condition>
</trans>

<trans id="38" from="4" to="2">
<condition id="9">
<or_exp><and_exp></and_exp></or_exp>
</condition>
</trans>
</trans_list>



<state_list>

<state id="1" st_id="1">

<operation id="5" st_id="1" stage="1" lat="1">
<core>NULL</core>
<MemPortIdVec></MemPortIdVec>
<condition id="0">
<or_exp><and_exp></and_exp></or_exp>
</condition>

<Node id="7" bw="0" op_0_bw="0" op_1_bw="1">
<![CDATA[
:0  call void (...)* @_ssdm_op_SpecBitsMap(i1* %inClk), !map !164

]]></Node>
<StgValue><ssdm name=""/></StgValue>
</operation>

<operation id="6" st_id="1" stage="1" lat="1">
<core>NULL</core>
<MemPortIdVec></MemPortIdVec>
<condition id="0">
<or_exp><and_exp></and_exp></or_exp>
</condition>

<Node id="8" bw="0" op_0_bw="0" op_1_bw="1">
<![CDATA[
:1  call void (...)* @_ssdm_op_SpecBitsMap(i1* %inReset), !map !168

]]></Node>
<StgValue><ssdm name=""/></StgValue>
</operation>

<operation id="7" st_id="1" stage="1" lat="1">
<core>NULL</core>
<MemPortIdVec></MemPortIdVec>
<condition id="0">
<or_exp><and_exp></and_exp></or_exp>
</condition>

<Node id="9" bw="0" op_0_bw="0" op_1_bw="4">
<![CDATA[
:2  call void (...)* @_ssdm_op_SpecBitsMap(i4* %inData), !map !172

]]></Node>
<StgValue><ssdm name=""/></StgValue>
</operation>

<operation id="8" st_id="1" stage="1" lat="1">
<core>NULL</core>
<MemPortIdVec></MemPortIdVec>
<condition id="0">
<or_exp><and_exp></and_exp></or_exp>
</condition>

<Node id="10" bw="0" op_0_bw="0" op_1_bw="4">
<![CDATA[
:3  call void (...)* @_ssdm_op_SpecBitsMap(i4* %outData), !map !176

]]></Node>
<StgValue><ssdm name=""/></StgValue>
</operation>

<operation id="9" st_id="1" stage="1" lat="1">
<core>NULL</core>
<MemPortIdVec></MemPortIdVec>
<condition id="0">
<or_exp><and_exp></and_exp></or_exp>
</condition>

<Node id="11" bw="0" op_0_bw="0" op_1_bw="1">
<![CDATA[
:4  call void (...)* @_ssdm_op_SpecBitsMap(i1* %receiverReady), !map !180

]]></Node>
<StgValue><ssdm name=""/></StgValue>
</operation>

<operation id="10" st_id="1" stage="1" lat="1">
<core>NULL</core>
<MemPortIdVec></MemPortIdVec>
<condition id="0">
<or_exp><and_exp></and_exp></or_exp>
</condition>

<Node id="12" bw="0" op_0_bw="0" op_1_bw="1">
<![CDATA[
:5  call void (...)* @_ssdm_op_SpecBitsMap(i1* %transmitterReady), !map !184

]]></Node>
<StgValue><ssdm name=""/></StgValue>
</operation>

<operation id="11" st_id="1" stage="1" lat="1">
<core>NULL</core>
<MemPortIdVec></MemPortIdVec>
<condition id="0">
<or_exp><and_exp></and_exp></or_exp>
</condition>

<Node id="13" bw="0" op_0_bw="0" op_1_bw="0" op_2_bw="32" op_3_bw="0" op_4_bw="0" op_5_bw="32" op_6_bw="32" op_7_bw="1">
<![CDATA[
:6  call void (...)* @_ssdm_op_SpecPort([9 x i8]* @p_str19, i32 0, [7 x i8]* @p_str120, [6 x i8]* @p_str221, i32 0, i32 0, i1* %inClk) nounwind

]]></Node>
<StgValue><ssdm name=""/></StgValue>
</operation>

<operation id="12" st_id="1" stage="1" lat="1">
<core>NULL</core>
<MemPortIdVec></MemPortIdVec>
<condition id="0">
<or_exp><and_exp></and_exp></or_exp>
</condition>

<Node id="14" bw="0" op_0_bw="0" op_1_bw="0" op_2_bw="32" op_3_bw="0" op_4_bw="0" op_5_bw="32" op_6_bw="32" op_7_bw="1">
<![CDATA[
:7  call void (...)* @_ssdm_op_SpecPort([9 x i8]* @p_str19, i32 0, [7 x i8]* @p_str120, [8 x i8]* @p_str322, i32 0, i32 0, i1* %inReset) nounwind

]]></Node>
<StgValue><ssdm name=""/></StgValue>
</operation>

<operation id="13" st_id="1" stage="1" lat="1">
<core>NULL</core>
<MemPortIdVec></MemPortIdVec>
<condition id="0">
<or_exp><and_exp></and_exp></or_exp>
</condition>

<Node id="15" bw="0" op_0_bw="0" op_1_bw="0" op_2_bw="32" op_3_bw="0" op_4_bw="0" op_5_bw="32" op_6_bw="32" op_7_bw="4">
<![CDATA[
:8  call void (...)* @_ssdm_op_SpecPort([9 x i8]* @p_str19, i32 0, [13 x i8]* @p_str423, [7 x i8]* @p_str524, i32 0, i32 0, i4* %inData) nounwind

]]></Node>
<StgValue><ssdm name=""/></StgValue>
</operation>

<operation id="14" st_id="1" stage="1" lat="1">
<core>NULL</core>
<MemPortIdVec></MemPortIdVec>
<condition id="0">
<or_exp><and_exp></and_exp></or_exp>
</condition>

<Node id="16" bw="0" op_0_bw="0" op_1_bw="0" op_2_bw="32" op_3_bw="0" op_4_bw="0" op_5_bw="32" op_6_bw="32" op_7_bw="4">
<![CDATA[
:9  call void (...)* @_ssdm_op_SpecPort([9 x i8]* @p_str19, i32 1, [13 x i8]* @p_str423, [8 x i8]* @p_str625, i32 0, i32 0, i4* %outData) nounwind

]]></Node>
<StgValue><ssdm name=""/></StgValue>
</operation>

<operation id="15" st_id="1" stage="1" lat="1">
<core>NULL</core>
<MemPortIdVec></MemPortIdVec>
<condition id="0">
<or_exp><and_exp></and_exp></or_exp>
</condition>

<Node id="17" bw="0" op_0_bw="0" op_1_bw="0" op_2_bw="32" op_3_bw="0" op_4_bw="0" op_5_bw="32" op_6_bw="32" op_7_bw="1">
<![CDATA[
:10  call void (...)* @_ssdm_op_SpecPort([9 x i8]* @p_str19, i32 1, [7 x i8]* @p_str120, [14 x i8]* @p_str726, i32 0, i32 0, i1* %receiverReady) nounwind

]]></Node>
<StgValue><ssdm name=""/></StgValue>
</operation>

<operation id="16" st_id="1" stage="1" lat="1">
<core>NULL</core>
<MemPortIdVec></MemPortIdVec>
<condition id="0">
<or_exp><and_exp></and_exp></or_exp>
</condition>

<Node id="18" bw="0" op_0_bw="0" op_1_bw="0" op_2_bw="32" op_3_bw="0" op_4_bw="0" op_5_bw="32" op_6_bw="32" op_7_bw="1">
<![CDATA[
:11  call void (...)* @_ssdm_op_SpecPort([9 x i8]* @p_str19, i32 0, [7 x i8]* @p_str120, [17 x i8]* @p_str827, i32 0, i32 0, i1* %transmitterReady) nounwind

]]></Node>
<StgValue><ssdm name=""/></StgValue>
</operation>

<operation id="17" st_id="1" stage="1" lat="1">
<core>NULL</core>
<MemPortIdVec></MemPortIdVec>
<condition id="0">
<or_exp><and_exp></and_exp></or_exp>
</condition>

<Node id="19" bw="0" op_0_bw="0" op_1_bw="0" op_2_bw="32" op_3_bw="0">
<![CDATA[
:12  call void (...)* @_ssdm_op_SpecProcessDef([9 x i8]* @p_str19, i32 2, [15 x i8]* @p_str928) nounwind

]]></Node>
<StgValue><ssdm name=""/></StgValue>
</operation>

<operation id="18" st_id="1" stage="1" lat="1">
<core>NULL</core>
<MemPortIdVec></MemPortIdVec>
<condition id="0">
<or_exp><and_exp></and_exp></or_exp>
</condition>

<Node id="20" bw="32" op_0_bw="32" op_1_bw="0">
<![CDATA[
:13  %tmp_7 = call i32 (...)* @_ssdm_op_SpecRegionBegin([15 x i8]* @p_str1029)

]]></Node>
<StgValue><ssdm name="tmp_7"/></StgValue>
</operation>

<operation id="19" st_id="1" stage="1" lat="1">
<core>NULL</core>
<MemPortIdVec></MemPortIdVec>
<condition id="0">
<or_exp><and_exp></and_exp></or_exp>
</condition>

<Node id="21" bw="0" op_0_bw="0" op_1_bw="32" op_2_bw="0">
<![CDATA[
:14  call void (...)* @_ssdm_op_SpecProtocol(i32 1, [1 x i8]* @p_str1130) nounwind

]]></Node>
<StgValue><ssdm name=""/></StgValue>
</operation>

<operation id="20" st_id="1" stage="1" lat="1">
<core>NULL</core>
<MemPortIdVec></MemPortIdVec>
<condition id="0">
<or_exp><and_exp></and_exp></or_exp>
</condition>

<Node id="22" bw="32" op_0_bw="32" op_1_bw="32" op_2_bw="32" op_3_bw="32">
<![CDATA[
:15  %p_ssdm_reset_v = call i32 (...)* @_ssdm_op_SpecStateBegin(i32 0, i32 0, i32 1) nounwind

]]></Node>
<StgValue><ssdm name="p_ssdm_reset_v"/></StgValue>
</operation>

<operation id="21" st_id="1" stage="1" lat="1">
<core>NULL</core>
<MemPortIdVec></MemPortIdVec>
<condition id="0">
<or_exp><and_exp></and_exp></or_exp>
</condition>

<Node id="23" bw="0" op_0_bw="0" op_1_bw="4" op_2_bw="0" op_3_bw="0" op_4_bw="0" op_5_bw="32" op_6_bw="0" op_7_bw="0" op_8_bw="0" op_9_bw="0" op_10_bw="0">
<![CDATA[
:16  call void (...)* @_ssdm_op_SpecIFCore(i4* %outData, [1 x i8]* @p_str1130, [10 x i8]* @p_str1332, [1 x i8]* @p_str1130, i32 -1, [1 x i8]* @p_str1130, [1 x i8]* @p_str1130, [1 x i8]* @p_str1130, [1 x i8]* @p_str1130, [17 x i8]* @p_str1433)

]]></Node>
<StgValue><ssdm name=""/></StgValue>
</operation>

<operation id="22" st_id="1" stage="1" lat="1">
<core>NULL</core>
<MemPortIdVec></MemPortIdVec>
<condition id="0">
<or_exp><and_exp></and_exp></or_exp>
</condition>

<Node id="24" bw="32" op_0_bw="32" op_1_bw="32">
<![CDATA[
:17  %empty = call i32 (...)* @_ssdm_op_SpecStateEnd(i32 %p_ssdm_reset_v) nounwind

]]></Node>
<StgValue><ssdm name="empty"/></StgValue>
</operation>

<operation id="23" st_id="1" stage="1" lat="1">
<core>NULL</core>
<MemPortIdVec></MemPortIdVec>
<condition id="0">
<or_exp><and_exp></and_exp></or_exp>
</condition>

<Node id="25" bw="32" op_0_bw="32" op_1_bw="0" op_2_bw="32">
<![CDATA[
:18  %empty_3 = call i32 (...)* @_ssdm_op_SpecRegionEnd([15 x i8]* @p_str1029, i32 %tmp_7)

]]></Node>
<StgValue><ssdm name="empty_3"/></StgValue>
</operation>

<operation id="24" st_id="1" stage="1" lat="1">
<core>NULL</core>
<MemPortIdVec></MemPortIdVec>
<condition id="0">
<or_exp><and_exp></and_exp></or_exp>
</condition>

<Node id="26" bw="0" op_0_bw="0">
<![CDATA[
:19  br label %_ZN7_ap_sc_7sc_core4waitEi.exit2

]]></Node>
<StgValue><ssdm name=""/></StgValue>
</operation>
</state>

<state id="2" st_id="2">

<operation id="25" st_id="2" stage="1" lat="1">
<core>NULL</core>
<MemPortIdVec></MemPortIdVec>
<condition id="1">
<or_exp><and_exp></and_exp></or_exp>
</condition>

<Node id="28" bw="0" op_0_bw="0" op_1_bw="32">
<![CDATA[
_ZN7_ap_sc_7sc_core4waitEi.exit2:0  call void (...)* @_ssdm_op_Wait(i32 1) nounwind

]]></Node>
<StgValue><ssdm name=""/></StgValue>
</operation>

<operation id="26" st_id="2" stage="1" lat="1">
<core>NULL</core>
<MemPortIdVec></MemPortIdVec>
<condition id="1">
<or_exp><and_exp></and_exp></or_exp>
</condition>

<Node id="29" bw="0" op_0_bw="0" op_1_bw="1" op_2_bw="1">
<![CDATA[
_ZN7_ap_sc_7sc_core4waitEi.exit2:1  call void @_ssdm_op_Write.ap_auto.volatile.i1P(i1* %receiverReady, i1 true)

]]></Node>
<StgValue><ssdm name=""/></StgValue>
</operation>
</state>

<state id="3" st_id="3">

<operation id="27" st_id="3" stage="1" lat="1">
<core>NULL</core>
<MemPortIdVec></MemPortIdVec>
<condition id="2">
<or_exp><and_exp></and_exp></or_exp>
</condition>

<Node id="30" bw="0" op_0_bw="0" op_1_bw="32">
<![CDATA[
_ZN7_ap_sc_7sc_core4waitEi.exit2:2  call void (...)* @_ssdm_op_Wait(i32 1) nounwind

]]></Node>
<StgValue><ssdm name=""/></StgValue>
</operation>

<operation id="28" st_id="3" stage="1" lat="1">
<core>NULL</core>
<MemPortIdVec></MemPortIdVec>
<condition id="2">
<or_exp><and_exp></and_exp></or_exp>
</condition>

<Node id="31" bw="1" op_0_bw="1" op_1_bw="1">
<![CDATA[
_ZN7_ap_sc_7sc_core4waitEi.exit2:3  %tmp = call i1 @_ssdm_op_Read.ap_auto.volatile.i1P(i1* %transmitterReady)

]]></Node>
<StgValue><ssdm name="tmp"/></StgValue>
</operation>

<operation id="29" st_id="3" stage="1" lat="1">
<core>NULL</core>
<MemPortIdVec></MemPortIdVec>
<condition id="2">
<or_exp><and_exp></and_exp></or_exp>
</condition>

<Node id="32" bw="0" op_0_bw="0" op_1_bw="1">
<![CDATA[
_ZN7_ap_sc_7sc_core4waitEi.exit2:4  call void (...)* @_ssdm_op_Poll(i1 %tmp)

]]></Node>
<StgValue><ssdm name=""/></StgValue>
</operation>

<operation id="30" st_id="3" stage="1" lat="1">
<core>NULL</core>
<MemPortIdVec></MemPortIdVec>
<condition id="2">
<or_exp><and_exp></and_exp></or_exp>
</condition>

<Node id="33" bw="4" op_0_bw="4" op_1_bw="4">
<![CDATA[
_ZN7_ap_sc_7sc_core4waitEi.exit2:5  %val_V = call i4 @_ssdm_op_Read.ap_auto.volatile.i4P(i4* %inData)

]]></Node>
<StgValue><ssdm name="val_V"/></StgValue>
</operation>

<operation id="31" st_id="3" stage="1" lat="1">
<core>NULL</core>
<MemPortIdVec></MemPortIdVec>
<condition id="2">
<or_exp><and_exp></and_exp></or_exp>
</condition>

<Node id="34" bw="0" op_0_bw="0" op_1_bw="1" op_2_bw="1">
<![CDATA[
_ZN7_ap_sc_7sc_core4waitEi.exit2:6  call void @_ssdm_op_Write.ap_auto.volatile.i1P(i1* %receiverReady, i1 false)

]]></Node>
<StgValue><ssdm name=""/></StgValue>
</operation>

<operation id="32" st_id="3" stage="1" lat="1">
<core>AXI4LiteS</core>
<MemPortIdVec></MemPortIdVec>
<condition id="2">
<or_exp><and_exp></and_exp></or_exp>
</condition>

<Node id="35" bw="0" op_0_bw="0" op_1_bw="4" op_2_bw="4">
<![CDATA[
_ZN7_ap_sc_7sc_core4waitEi.exit2:7  call void @_ssdm_op_Write.ap_auto.volatile.i4P(i4* %outData, i4 %val_V)

]]></Node>
<StgValue><ssdm name=""/></StgValue>
</operation>
</state>

<state id="4" st_id="4">

<operation id="33" st_id="4" stage="1" lat="1">
<core>NULL</core>
<MemPortIdVec></MemPortIdVec>
<condition id="3">
<or_exp><and_exp></and_exp></or_exp>
</condition>

<Node id="36" bw="0" op_0_bw="0" op_1_bw="32">
<![CDATA[
_ZN7_ap_sc_7sc_core4waitEi.exit2:8  call void (...)* @_ssdm_op_Wait(i32 1) nounwind

]]></Node>
<StgValue><ssdm name=""/></StgValue>
</operation>

<operation id="34" st_id="4" stage="1" lat="1">
<core>NULL</core>
<MemPortIdVec></MemPortIdVec>
<condition id="3">
<or_exp><and_exp></and_exp></or_exp>
</condition>

<Node id="37" bw="0" op_0_bw="0">
<![CDATA[
_ZN7_ap_sc_7sc_core4waitEi.exit2:9  br label %_ZN7_ap_sc_7sc_core4waitEi.exit2

]]></Node>
<StgValue><ssdm name=""/></StgValue>
</operation>
</state>
</state_list>


<ports>
</ports>


<dataflows>
</dataflows>


</stg>
