<stg><name>Receiver::receiverThread</name>


<trans_list>

<trans id="35" from="1" to="2">
<condition id="5">
<or_exp><and_exp></and_exp></or_exp>
</condition>
</trans>

<trans id="36" from="2" to="3">
<condition id="6">
<or_exp><and_exp></and_exp></or_exp>
</condition>
</trans>

<trans id="37" from="3" to="4">
<condition id="7">
<or_exp><and_exp></and_exp></or_exp>
</condition>
</trans>

<trans id="38" from="4" to="2">
<condition id="9">
<or_exp><and_exp></and_exp></or_exp>
</condition>
</trans>
</trans_list>



<state_list>

<state id="1" st_id="1">

<operation id="5" st_id="1" stage="1" lat="1">
<core>NULL</core>
<MemPortIdVec></MemPortIdVec>
<condition id="0">
<or_exp><and_exp></and_exp></or_exp>
</condition>

<Node id="7" bw="0" op_0_bw="0" op_1_bw="1">
<![CDATA[
:0  call void (...)* @_ssdm_op_SpecBitsMap(i1* %inClk), !map !164

]]></Node>
<StgValue><ssdm name=""/></StgValue>
</operation>

<operation id="6" st_id="1" stage="1" lat="1">
<core>NULL</core>
<MemPortIdVec></MemPortIdVec>
<condition id="0">
<or_exp><and_exp></and_exp></or_exp>
</condition>

<Node id="8" bw="0" op_0_bw="0" op_1_bw="1">
<![CDATA[
:1  call void (...)* @_ssdm_op_SpecBitsMap(i1* %inReset), !map !168

]]></Node>
<StgValue><ssdm name=""/></StgValue>
</operation>

<operation id="7" st_id="1" stage="1" lat="1">
<core>NULL</core>
<MemPortIdVec></MemPortIdVec>
<condition id="0">
<or_exp><and_exp></and_exp></or_exp>
</condition>

<Node id="9" bw="0" op_0_bw="0" op_1_bw="4">
<![CDATA[
:2  call void (...)* @_ssdm_op_SpecBitsMap(i4* %inData), !map !172

]]></Node>
<StgValue><ssdm name=""/></StgValue>
</operation>

<operation id="8" st_id="1" stage="1" lat="1">
<core>NULL</core>
<MemPortIdVec></MemPortIdVec>
<condition id="0">
<or_exp><and_exp></and_exp></or_exp>
</condition>

<Node id="10" bw="0" op_0_bw="0" op_1_bw="4">
<![CDATA[
:3  call void (...)* @_ssdm_op_SpecBitsMap(i4* %outData), !map !176

]]></Node>
<StgValue><ssdm name=""/></StgValue>
</operation>

<operation id="9" st_id="1" stage="1" lat="1">
<core>NULL</core>
<MemPortIdVec></MemPortIdVec>
<condition id="0">
<or_exp><and_exp></and_exp></or_exp>
</condition>

<Node id="11" bw="0" op_0_bw="0" op_1_bw="1">
<![CDATA[
:4  call void (...)* @_ssdm_op_SpecBitsMap(i1* %receiverReady), !map !180

]]></Node>
<StgValue><ssdm name=""/></StgValue>
</operation>

<operation id="10" st_id="1" stage="1" lat="1">
<core>NULL</core>
<MemPortIdVec></MemPortIdVec>
<condition id="0">
<or_exp><and_exp></and_exp></or_exp>
</condition>

<Node id="12" bw="0" op_0_bw="0" op_1_bw="1">
<![CDATA[
:5  call void (...)* @_ssdm_op_SpecBitsMap(i1* %transmitterReady), !map !184

]]></Node>
<StgValue><ssdm name=""/></StgValue>
</operation>

<operation id="11" st_id="1" stage="1" lat="1">
<core>NULL</core>
<MemPortIdVec></MemPortIdVec>
<condition id="0">
<or_exp><and_exp></and_exp></or_exp>
</condition>

<Node id="13" bw="0" op_0_bw="0" op_1_bw="0" op_2_bw="32" op_3_bw="0" op_4_bw="0" op_5_bw="32" op_6_bw="32" op_7_bw="1">
<![CDATA[
:6  call void (...)* @_ssdm_op_SpecPort([9 x i8]* @p_str19, i32 0, [7 x i8]* @p_str120, [6 x i8]* @p_str221, i32 0, i32 0, i1* %inClk) nounwind

]]></Node>
<StgValue><ssdm name=""/></StgValue>
</operation>

<operation id="12" st_id="1" stage="1" lat="1">
<core>NULL</core>
<MemPortIdVec></MemPortIdVec>
<condition id="0">
<or_exp><and_exp></and_exp></or_exp>
</condition>

<Node id="14" bw="0" op_0_bw="0" op_1_bw="0" op_2_bw="32" op_3_bw="0" op_4_bw="0" op_5_bw="32" op_6_bw="32" op_7_bw="1">
<![CDATA[
:7  call void (...)* @_ssdm_op_SpecPort([9 x i8]* @p_str19, i32 0, [7 x i8]* @p_str120, [8 x i8]* @p_str322, i32 0, i32 0, i1* %inReset) nounwind

]]></Node>
<StgValue><ssdm name=""/></StgValue>
</operation>

<operation id="13" st_id="1" stage="1" lat="1">
<core>NULL</core>
<MemPortIdVec></MemPortIdVec>
<condition id="0">
<or_exp><and_exp></and_exp></or_exp>
</condition>

<Node id="15" bw="0" op_0_bw="0" op_1_bw="0" op_2_bw="32" op_3_bw="0" op_4_bw="0" op_5_bw="32" op_6_bw="32" op_7_bw="4">
<![CDATA[
:8  call void (...)* @_ssdm_op_SpecPort([9 x i8]* @p_str19, i32 0, [13 x i8]* @p_str423, [7 x i8]* @p_str524, i32 0, i32 0, i4* %inData) nounwind

]]></Node>
<StgValue><ssdm name=""/></StgValue>
</operation>

<operation id="14" st_id="1" stage="1" lat="1">
<core>NULL</core>
<MemPortIdVec></MemPortIdVec>
<condition id="0">
<or_exp><and_exp></and_exp></or_exp>
</condition>

<Node id="16" bw="0" op_0_bw="0" op_1_bw="0" op_2_bw="32" op_3_bw="0" op_4_bw="0" op_5_bw="32" op_6_bw="32" op_7_bw="4">
<![CDATA[
:9  call void (...)* @_ssdm_op_SpecPort([9 x i8]* @p_str19, i32 1, [13 x i8]* @p_str423, [8 x i8]* @p_str625, i32 0, i32 0, i4* %outData) nounwind

]]></Node>
<StgValue><ssdm name=""/></StgValue>
</operation>

<operation id="15" st_id="1" stage="1" lat="1">
<core>NULL</core>
<MemPortIdVec></MemPortIdVec>
<condition id="0">
<or_exp><and_exp></and_exp></or_exp>
</condition>

<Node id="17" bw="0" op_0_bw="0" op_1_bw="0" op_2_bw="32" op_3_bw="0" op_4_bw="0" op_5_bw="32" op_6_bw="32" op_7_bw="1">
<![CDATA[
:10  call void (...)* @_ssdm_op_SpecPort([9 x i8]* @p_str19, i32 1, [7 x i8]* @p_str120, [14 x i8]* @p_str726, i32 0, i32 0, i1* %receiverReady) nounwind

]]></Node>
<StgValue><ssdm name=""/></StgValue>
</operation>

<operation id="16" st_id="1" stage="1" lat="1">
<core>NULL</core>
<MemPortIdVec></MemPortIdVec>
<condition id="0">
<or_exp><and_exp></and_exp></or_exp>
</condition>

<Node id="18" bw="0" op_0_bw="0" op_1_bw="0" op_2_bw="32" op_3_bw="0" op_4_bw="0" op_5_bw="32" op_6_bw="32" op_7_bw="1">
<![CDATA[
:11  call void (...)* @_ssdm_op_SpecPort([9 x i8]* @p_str19, i32 0, [7 x i8]* @p_str120, [17 x i8]* @p_str827, i32 0, i32 0, i1* %transmitterReady) nounwind

]]></Node>
<StgValue><ssdm name=""/></StgValue>
</operation>

<operation id="17" st_id="1" stage="1" lat="1">
<core>NULL</core>
<MemPortIdVec></MemPortIdVec>
<condition id="0">
<or_exp><and_exp></and_exp></or_exp>
</condition>

<Node id="19" bw="0" op_0_bw="0" op_1_bw="0" op_2_bw="32" op_3_bw="0">
<![CDATA[
:12  call void (...)* @_ssdm_op_SpecProcessDef([9 x i8]* @p_str19, i32 2, [15 x i8]* @p_str928) nounwind

]]></Node>
<StgValue><ssdm name=""/></StgValue>
</operation>

<operation id="18" st_id="1" stage="1" lat="1">
<core>NULL</core>
<MemPortIdVec></MemPortIdVec>
<condition id="0">
<or_exp><and_exp></and_exp></or_exp>
</condition>

<Node id="20" bw="32" op_0_bw="32" op_1_bw="0">
<![CDATA[
:13  %tmp_7 = call i32 (...)* @_ssdm_op_SpecRegionBegin([15 x i8]* @p_str1029)

]]></Node>
<StgValue><ssdm name="tmp_7"/></StgValue>
</operation>

<operation id="19" st_id="1" stage="1" lat="1">
<core>NULL</core>
<MemPortIdVec></MemPortIdVec>
<condition id="0">
<or_exp><and_exp></and_exp></or_exp>
</condition>

<Node id="21" bw="0" op_0_bw="0" op_1_bw="32" op_2_bw="0">
<![CDATA[
:14  call void (...)* @_ssdm_op_SpecProtocol(i32 1, [1 x i8]* @p_str1130) nounwind

]]></Node>
<StgValue><ssdm name=""/></StgValue>
</operation>

<operation id="20" st_id="1" stage="1" lat="1">
<core>NULL</core>
<MemPortIdVec></MemPortIdVec>
<condition id="0">
<or_exp><and_exp></and_exp></or_exp>
</condition>

<Node id="22" bw="32" op_0_bw="32" op_1_bw="32" op_2_bw="32" op_3_bw="32">
<![CDATA[
:15  %p_ssdm_reset_v = call i32 (...)* @_ssdm_op_SpecStateBegin(i32 0, i32 0, i32 1) nounwind

]]></Node>
<StgValue><ssdm name="p_ssdm_reset_v"/></StgValue>
</operation>

<operation id="21" st_id="1" stage="1" lat="1">
<core>NULL</core>
<MemPortIdVec></MemPortIdVec>
<condition id="0">
<or_exp><and_exp></and_exp></or_exp>
</condition>

<Node id="23" bw="0" op_0_bw="0" op_1_bw="4" op_2_bw="0" op_3_bw="0" op_4_bw="0" op_5_bw="32" op_6_bw="0" op_7_bw="0" op_8_bw="0" op_9_bw="0" op_10_bw="0">
<![CDATA[
:16  call void (...)* @_ssdm_op_SpecIFCore(i4* %outData, [1 x i8]* @p_str1130, [10 x i8]* @p_str1332, [1 x i8]* @p_str1130, i32 -1, [1 x i8]* @p_str1130, [1 x i8]* @p_str1130, [1 x i8]* @p_str1130, [1 x i8]* @p_str1130, [17 x i8]* @p_str1433)

]]></Node>
<StgValue><ssdm name=""/></StgValue>
</operation>

<operation id="22" st_id="1" stage="1" lat="1">
<core>NULL</core>
<MemPortIdVec></MemPortIdVec>
<condition id="0">
<or_exp><and_exp></and_exp></or_exp>
</condition>

<Node id="24" bw="32" op_0_bw="32" op_1_bw="32">
<![CDATA[
:17  %empty = call i32 (...)* @_ssdm_op_SpecStateEnd(i32 %p_ssdm_reset_v) nounwind

]]></Node>
<StgValue><ssdm name="empty"/></StgValue>
</operation>

<operation id="23" st_id="1" stage="1" lat="1">
<core>NULL</core>
<MemPortIdVec></MemPortIdVec>
<condition id="0">
<or_exp><and_exp></and_exp></or_exp>
</condition>

<Node id="25" bw="32" op_0_bw="32" op_1_bw="0" op_2_bw="32">
<![CDATA[
:18  %empty_3 = call i32 (...)* @_ssdm_op_SpecRegionEnd([15 x i8]* @p_str1029, i32 %tmp_7)

]]></Node>
<StgValue><ssdm name="empty_3"/></StgValue>
</operation>

<operation id="24" st_id="1" stage="1" lat="1">
<core>NULL</core>
<MemPortIdVec></MemPortIdVec>
<condition id="0">
<or_exp><and_exp></and_exp></or_exp>
</condition>

<Node id="26" bw="0" op_0_bw="0">
<![CDATA[
:19  br label %_ZN7_ap_sc_7sc_core4waitEi.exit2

]]></Node>
<StgValue><ssdm name=""/></StgValue>
</operation>
</state>

<state id="2" st_id="2">

<operation id="25" st_id="2" stage="1" lat="1">
<core>NULL</core>
<MemPortIdVec></MemPortIdVec>
<condition id="1">
<or_exp><and_exp></and_exp></or_exp>
</condition>

<Node id="28" bw="0" op_0_bw="0" op_1_bw="32">
<![CDATA[
_ZN7_ap_sc_7sc_core4waitEi.exit2:0  call void (...)* @_ssdm_op_Wait(i32 1) nounwind

]]></Node>
<StgValue><ssdm name=""/></StgValue>
</operation>

<operation id="26" st_id="2" stage="1" lat="1">
<core>NULL</core>
<MemPortIdVec></MemPortIdVec>
<condition id="1">
<or_exp><and_exp></and_exp></or_exp>
</condition>

<Node id="29" bw="0" op_0_bw="0" op_1_bw="1" op_2_bw="1">
<![CDATA[
_ZN7_ap_sc_7sc_core4waitEi.exit2:1  call void @_ssdm_op_Write.ap_auto.volatile.i1P(i1* %receiverReady, i1 true)

]]></Node>
<StgValue><ssdm name=""/></StgValue>
</operation>
</state>

<state id="3" st_id="3">

<operation id="27" st_id="3" stage="1" lat="1">
<core>NULL</core>
<MemPortIdVec></MemPortIdVec>
<condition id="2">
<or_exp><and_exp></and_exp></or_exp>
</condition>

<Node id="30" bw="0" op_0_bw="0" op_1_bw="32">
<![CDATA[
_ZN7_ap_sc_7sc_core4waitEi.exit2:2  call void (...)* @_ssdm_op_Wait(i32 1) nounwind

]]></Node>
<StgValue><ssdm name=""/></StgValue>
</operation>

<operation id="28" st_id="3" stage="1" lat="1">
<core>NULL</core>
<MemPortIdVec></MemPortIdVec>
<condition id="2">
<or_exp><and_exp></and_exp></or_exp>
</condition>

<Node id="31" bw="1" op_0_bw="1" op_1_bw="1">
<![CDATA[
_ZN7_ap_sc_7sc_core4waitEi.exit2:3  %tmp = call i1 @_ssdm_op_Read.ap_auto.volatile.i1P(i1* %transmitterReady)

]]></Node>
<StgValue><ssdm name="tmp"/></StgValue>
</operation>

<operation id="29" st_id="3" stage="1" lat="1">
<core>NULL</core>
<MemPortIdVec></MemPortIdVec>
<condition id="2">
<or_exp><and_exp></and_exp></or_exp>
</condition>

<Node id="32" bw="0" op_0_bw="0" op_1_bw="1">
<![CDATA[
_ZN7_ap_sc_7sc_core4waitEi.exit2:4  call void (...)* @_ssdm_op_Poll(i1 %tmp)

]]></Node>
<StgValue><ssdm name=""/></StgValue>
</operation>

<operation id="30" st_id="3" stage="1" lat="1">
<core>NULL</core>
<MemPortIdVec></MemPortIdVec>
<condition id="2">
<or_exp><and_exp></and_exp></or_exp>
</condition>

<Node id="33" bw="4" op_0_bw="4" op_1_bw="4">
<![CDATA[
_ZN7_ap_sc_7sc_core4waitEi.exit2:5  %val_V = call i4 @_ssdm_op_Read.ap_auto.volatile.i4P(i4* %inData)

]]></Node>
<StgValue><ssdm name="val_V"/></StgValue>
</operation>

<operation id="31" st_id="3" stage="1" lat="1">
<core>NULL</core>
<MemPortIdVec></MemPortIdVec>
<condition id="2">
<or_exp><and_exp></and_exp></or_exp>
</condition>

<Node id="34" bw="0" op_0_bw="0" op_1_bw="1" op_2_bw="1">
<![CDATA[
_ZN7_ap_sc_7sc_core4waitEi.exit2:6  call void @_ssdm_op_Write.ap_auto.volatile.i1P(i1* %receiverReady, i1 false)

]]></Node>
<StgValue><ssdm name=""/></StgValue>
</operation>

<operation id="32" st_id="3" stage="1" lat="1">
<core>AXI4LiteS</core>
<MemPortIdVec></MemPortIdVec>
<condition id="2">
<or_exp><and_exp></and_exp></or_exp>
</condition>

<Node id="35" bw="0" op_0_bw="0" op_1_bw="4" op_2_bw="4">
<![CDATA[
_ZN7_ap_sc_7sc_core4waitEi.exit2:7  call void @_ssdm_op_Write.ap_auto.volatile.i4P(i4* %outData, i4 %val_V)

]]></Node>
<StgValue><ssdm name=""/></StgValue>
</operation>
</state>

<state id="4" st_id="4">

<operation id="33" st_id="4" stage="1" lat="1">
<core>NULL</core>
<MemPortIdVec></MemPortIdVec>
<condition id="3">
<or_exp><and_exp></and_exp></or_exp>
</condition>

<Node id="36" bw="0" op_0_bw="0" op_1_bw="32">
<![CDATA[
_ZN7_ap_sc_7sc_core4waitEi.exit2:8  call void (...)* @_ssdm_op_Wait(i32 1) nounwind

]]></Node>
<StgValue><ssdm name=""/></StgValue>
</operation>

<operation id="34" st_id="4" stage="1" lat="1">
<core>NULL</core>
<MemPortIdVec></MemPortIdVec>
<condition id="3">
<or_exp><and_exp></and_exp></or_exp>
</condition>

<Node id="37" bw="0" op_0_bw="0">
<![CDATA[
_ZN7_ap_sc_7sc_core4waitEi.exit2:9  br label %_ZN7_ap_sc_7sc_core4waitEi.exit2

]]></Node>
<StgValue><ssdm name=""/></StgValue>
</operation>
</state>
</state_list>


<ports>
<port id="39" name="inClk" dir="0" iftype="0">
<core>NULL</core><StgValue><ssdm name="inClk"/></StgValue>
</port>
<port id="40" name="inReset" dir="0" iftype="0">
<core>NULL</core><StgValue><ssdm name="inReset"/></StgValue>
</port>
<port id="41" name="inData" dir="0" iftype="0">
<core>NULL</core><StgValue><ssdm name="inData"/></StgValue>
</port>
<port id="42" name="outData" dir="1" iftype="0">
<core>AXI4LiteS</core><StgValue><ssdm name="outData"/></StgValue>
</port>
<port id="43" name="receiverReady" dir="1" iftype="0">
<core>NULL</core><StgValue><ssdm name="receiverReady"/></StgValue>
</port>
<port id="44" name="transmitterReady" dir="0" iftype="0">
<core>NULL</core><StgValue><ssdm name="transmitterReady"/></StgValue>
</port>
</ports>


<dataflows>
<dataflow id="46" from="_ssdm_op_SpecBitsMap" to="StgValue_5" fromId="45" toId="5">
</dataflow>
<dataflow id="47" from="inClk" to="StgValue_5" fromId="39" toId="5">
</dataflow>
<dataflow id="48" from="_ssdm_op_SpecBitsMap" to="StgValue_6" fromId="45" toId="6">
</dataflow>
<dataflow id="49" from="inReset" to="StgValue_6" fromId="40" toId="6">
</dataflow>
<dataflow id="50" from="_ssdm_op_SpecBitsMap" to="StgValue_7" fromId="45" toId="7">
</dataflow>
<dataflow id="51" from="inData" to="StgValue_7" fromId="41" toId="7">
</dataflow>
<dataflow id="52" from="_ssdm_op_SpecBitsMap" to="StgValue_8" fromId="45" toId="8">
</dataflow>
<dataflow id="53" from="outData" to="StgValue_8" fromId="42" toId="8">
</dataflow>
<dataflow id="54" from="_ssdm_op_SpecBitsMap" to="StgValue_9" fromId="45" toId="9">
</dataflow>
<dataflow id="55" from="receiverReady" to="StgValue_9" fromId="43" toId="9">
</dataflow>
<dataflow id="56" from="_ssdm_op_SpecBitsMap" to="StgValue_10" fromId="45" toId="10">
</dataflow>
<dataflow id="57" from="transmitterReady" to="StgValue_10" fromId="44" toId="10">
</dataflow>
<dataflow id="59" from="_ssdm_op_SpecPort" to="StgValue_11" fromId="58" toId="11">
</dataflow>
<dataflow id="61" from="p_str19" to="StgValue_11" fromId="60" toId="11">
</dataflow>
<dataflow id="63" from="StgValue_62" to="StgValue_11" fromId="62" toId="11">
</dataflow>
<dataflow id="65" from="p_str120" to="StgValue_11" fromId="64" toId="11">
</dataflow>
<dataflow id="67" from="p_str221" to="StgValue_11" fromId="66" toId="11">
</dataflow>
<dataflow id="68" from="StgValue_62" to="StgValue_11" fromId="62" toId="11">
</dataflow>
<dataflow id="69" from="StgValue_62" to="StgValue_11" fromId="62" toId="11">
</dataflow>
<dataflow id="70" from="inClk" to="StgValue_11" fromId="39" toId="11">
</dataflow>
<dataflow id="71" from="_ssdm_op_SpecPort" to="StgValue_12" fromId="58" toId="12">
</dataflow>
<dataflow id="72" from="p_str19" to="StgValue_12" fromId="60" toId="12">
</dataflow>
<dataflow id="73" from="StgValue_62" to="StgValue_12" fromId="62" toId="12">
</dataflow>
<dataflow id="74" from="p_str120" to="StgValue_12" fromId="64" toId="12">
</dataflow>
<dataflow id="76" from="p_str322" to="StgValue_12" fromId="75" toId="12">
</dataflow>
<dataflow id="77" from="StgValue_62" to="StgValue_12" fromId="62" toId="12">
</dataflow>
<dataflow id="78" from="StgValue_62" to="StgValue_12" fromId="62" toId="12">
</dataflow>
<dataflow id="79" from="inReset" to="StgValue_12" fromId="40" toId="12">
</dataflow>
<dataflow id="80" from="_ssdm_op_SpecPort" to="StgValue_13" fromId="58" toId="13">
</dataflow>
<dataflow id="81" from="p_str19" to="StgValue_13" fromId="60" toId="13">
</dataflow>
<dataflow id="82" from="StgValue_62" to="StgValue_13" fromId="62" toId="13">
</dataflow>
<dataflow id="84" from="p_str423" to="StgValue_13" fromId="83" toId="13">
</dataflow>
<dataflow id="86" from="p_str524" to="StgValue_13" fromId="85" toId="13">
</dataflow>
<dataflow id="87" from="StgValue_62" to="StgValue_13" fromId="62" toId="13">
</dataflow>
<dataflow id="88" from="StgValue_62" to="StgValue_13" fromId="62" toId="13">
</dataflow>
<dataflow id="89" from="inData" to="StgValue_13" fromId="41" toId="13">
</dataflow>
<dataflow id="90" from="_ssdm_op_SpecPort" to="StgValue_14" fromId="58" toId="14">
</dataflow>
<dataflow id="91" from="p_str19" to="StgValue_14" fromId="60" toId="14">
</dataflow>
<dataflow id="93" from="StgValue_92" to="StgValue_14" fromId="92" toId="14">
</dataflow>
<dataflow id="94" from="p_str423" to="StgValue_14" fromId="83" toId="14">
</dataflow>
<dataflow id="96" from="p_str625" to="StgValue_14" fromId="95" toId="14">
</dataflow>
<dataflow id="97" from="StgValue_62" to="StgValue_14" fromId="62" toId="14">
</dataflow>
<dataflow id="98" from="StgValue_62" to="StgValue_14" fromId="62" toId="14">
</dataflow>
<dataflow id="99" from="outData" to="StgValue_14" fromId="42" toId="14">
</dataflow>
<dataflow id="100" from="_ssdm_op_SpecPort" to="StgValue_15" fromId="58" toId="15">
</dataflow>
<dataflow id="101" from="p_str19" to="StgValue_15" fromId="60" toId="15">
</dataflow>
<dataflow id="102" from="StgValue_92" to="StgValue_15" fromId="92" toId="15">
</dataflow>
<dataflow id="103" from="p_str120" to="StgValue_15" fromId="64" toId="15">
</dataflow>
<dataflow id="105" from="p_str726" to="StgValue_15" fromId="104" toId="15">
</dataflow>
<dataflow id="106" from="StgValue_62" to="StgValue_15" fromId="62" toId="15">
</dataflow>
<dataflow id="107" from="StgValue_62" to="StgValue_15" fromId="62" toId="15">
</dataflow>
<dataflow id="108" from="receiverReady" to="StgValue_15" fromId="43" toId="15">
</dataflow>
<dataflow id="109" from="_ssdm_op_SpecPort" to="StgValue_16" fromId="58" toId="16">
</dataflow>
<dataflow id="110" from="p_str19" to="StgValue_16" fromId="60" toId="16">
</dataflow>
<dataflow id="111" from="StgValue_62" to="StgValue_16" fromId="62" toId="16">
</dataflow>
<dataflow id="112" from="p_str120" to="StgValue_16" fromId="64" toId="16">
</dataflow>
<dataflow id="114" from="p_str827" to="StgValue_16" fromId="113" toId="16">
</dataflow>
<dataflow id="115" from="StgValue_62" to="StgValue_16" fromId="62" toId="16">
</dataflow>
<dataflow id="116" from="StgValue_62" to="StgValue_16" fromId="62" toId="16">
</dataflow>
<dataflow id="117" from="transmitterReady" to="StgValue_16" fromId="44" toId="16">
</dataflow>
<dataflow id="119" from="_ssdm_op_SpecProcessDef" to="StgValue_17" fromId="118" toId="17">
</dataflow>
<dataflow id="120" from="p_str19" to="StgValue_17" fromId="60" toId="17">
</dataflow>
<dataflow id="122" from="StgValue_121" to="StgValue_17" fromId="121" toId="17">
</dataflow>
<dataflow id="124" from="p_str928" to="StgValue_17" fromId="123" toId="17">
</dataflow>
<dataflow id="126" from="_ssdm_op_SpecRegionBegin" to="tmp_7" fromId="125" toId="18">
</dataflow>
<dataflow id="128" from="p_str1029" to="tmp_7" fromId="127" toId="18">
</dataflow>
<dataflow id="130" from="_ssdm_op_SpecProtocol" to="StgValue_19" fromId="129" toId="19">
</dataflow>
<dataflow id="131" from="StgValue_92" to="StgValue_19" fromId="92" toId="19">
</dataflow>
<dataflow id="133" from="p_str1130" to="StgValue_19" fromId="132" toId="19">
</dataflow>
<dataflow id="135" from="_ssdm_op_SpecStateBegin" to="p_ssdm_reset_v" fromId="134" toId="20">
</dataflow>
<dataflow id="136" from="StgValue_62" to="p_ssdm_reset_v" fromId="62" toId="20">
</dataflow>
<dataflow id="137" from="StgValue_62" to="p_ssdm_reset_v" fromId="62" toId="20">
</dataflow>
<dataflow id="138" from="StgValue_92" to="p_ssdm_reset_v" fromId="92" toId="20">
</dataflow>
<dataflow id="140" from="_ssdm_op_SpecIFCore" to="StgValue_21" fromId="139" toId="21">
</dataflow>
<dataflow id="141" from="outData" to="StgValue_21" fromId="42" toId="21">
</dataflow>
<dataflow id="142" from="p_str1130" to="StgValue_21" fromId="132" toId="21">
</dataflow>
<dataflow id="144" from="p_str1332" to="StgValue_21" fromId="143" toId="21">
</dataflow>
<dataflow id="145" from="p_str1130" to="StgValue_21" fromId="132" toId="21">
</dataflow>
<dataflow id="147" from="StgValue_146" to="StgValue_21" fromId="146" toId="21">
</dataflow>
<dataflow id="148" from="p_str1130" to="StgValue_21" fromId="132" toId="21">
</dataflow>
<dataflow id="149" from="p_str1130" to="StgValue_21" fromId="132" toId="21">
</dataflow>
<dataflow id="150" from="p_str1130" to="StgValue_21" fromId="132" toId="21">
</dataflow>
<dataflow id="151" from="p_str1130" to="StgValue_21" fromId="132" toId="21">
</dataflow>
<dataflow id="153" from="p_str1433" to="StgValue_21" fromId="152" toId="21">
</dataflow>
<dataflow id="155" from="_ssdm_op_SpecStateEnd" to="empty" fromId="154" toId="22">
</dataflow>
<dataflow id="156" from="p_ssdm_reset_v" to="empty" fromId="20" toId="22">
</dataflow>
<dataflow id="158" from="_ssdm_op_SpecRegionEnd" to="empty_3" fromId="157" toId="23">
</dataflow>
<dataflow id="159" from="p_str1029" to="empty_3" fromId="127" toId="23">
</dataflow>
<dataflow id="160" from="tmp_7" to="empty_3" fromId="18" toId="23">
</dataflow>
<dataflow id="162" from="_ssdm_op_Wait" to="StgValue_25" fromId="161" toId="25">
</dataflow>
<dataflow id="163" from="StgValue_92" to="StgValue_25" fromId="92" toId="25">
</dataflow>
<dataflow id="165" from="_ssdm_op_Write.ap_auto.volatile.i1P" to="StgValue_26" fromId="164" toId="26">
</dataflow>
<dataflow id="166" from="receiverReady" to="StgValue_26" fromId="43" toId="26">
</dataflow>
<dataflow id="168" from="StgValue_167" to="StgValue_26" fromId="167" toId="26">
</dataflow>
<dataflow id="169" from="_ssdm_op_Wait" to="StgValue_27" fromId="161" toId="27">
</dataflow>
<dataflow id="170" from="StgValue_92" to="StgValue_27" fromId="92" toId="27">
</dataflow>
<dataflow id="172" from="_ssdm_op_Read.ap_auto.volatile.i1P" to="tmp" fromId="171" toId="28">
</dataflow>
<dataflow id="173" from="transmitterReady" to="tmp" fromId="44" toId="28">
</dataflow>
<dataflow id="175" from="_ssdm_op_Poll" to="StgValue_29" fromId="174" toId="29">
</dataflow>
<dataflow id="176" from="tmp" to="StgValue_29" fromId="28" toId="29">
</dataflow>
<dataflow id="178" from="_ssdm_op_Read.ap_auto.volatile.i4P" to="val_V" fromId="177" toId="30">
</dataflow>
<dataflow id="179" from="inData" to="val_V" fromId="41" toId="30">
</dataflow>
<dataflow id="180" from="_ssdm_op_Write.ap_auto.volatile.i1P" to="StgValue_31" fromId="164" toId="31">
</dataflow>
<dataflow id="181" from="receiverReady" to="StgValue_31" fromId="43" toId="31">
</dataflow>
<dataflow id="183" from="StgValue_182" to="StgValue_31" fromId="182" toId="31">
</dataflow>
<dataflow id="185" from="_ssdm_op_Write.ap_auto.volatile.i4P" to="StgValue_32" fromId="184" toId="32">
</dataflow>
<dataflow id="186" from="outData" to="StgValue_32" fromId="42" toId="32">
</dataflow>
<dataflow id="187" from="val_V" to="StgValue_32" fromId="30" toId="32">
</dataflow>
<dataflow id="188" from="_ssdm_op_Wait" to="StgValue_33" fromId="161" toId="33">
</dataflow>
<dataflow id="189" from="StgValue_92" to="StgValue_33" fromId="92" toId="33">
</dataflow>
</dataflows>


</stg>
