<stg><name>Receiver::Receiver</name>


<trans_list>

<trans id="26" from="1" to="2">
<condition id="6">
<or_exp><and_exp><literal name="Receiver_ssdm_thr" val="1"/>
</and_exp></or_exp>
</condition>
</trans>
</trans_list>



<state_list>

<state id="1" st_id="1">

<operation id="3" st_id="1" stage="1" lat="1">
<core>NULL</core>
<MemPortIdVec></MemPortIdVec>
<condition id="0">
<or_exp><and_exp></and_exp></or_exp>
</condition>

<Node id="8" bw="0" op_0_bw="0" op_1_bw="4" op_2_bw="0" op_3_bw="0" op_4_bw="0" op_5_bw="32" op_6_bw="0" op_7_bw="0" op_8_bw="0" op_9_bw="0" op_10_bw="0">
<![CDATA[
:0  call void (...)* @_ssdm_op_SpecIFCore(i4* %outData, [1 x i8]* @p_str1130, [10 x i8]* @p_str1332, [1 x i8]* @p_str1130, i32 -1, [1 x i8]* @p_str1130, [1 x i8]* @p_str1130, [1 x i8]* @p_str1130, [1 x i8]* @p_str1130, [17 x i8]* @p_str1433)

]]></Node>
<StgValue><ssdm name=""/></StgValue>
</operation>

<operation id="4" st_id="1" stage="1" lat="1">
<core>NULL</core>
<MemPortIdVec></MemPortIdVec>
<condition id="0">
<or_exp><and_exp></and_exp></or_exp>
</condition>

<Node id="9" bw="0" op_0_bw="0" op_1_bw="1">
<![CDATA[
:1  call void (...)* @_ssdm_op_SpecBitsMap(i1* %inClk), !map !164

]]></Node>
<StgValue><ssdm name=""/></StgValue>
</operation>

<operation id="5" st_id="1" stage="1" lat="1">
<core>NULL</core>
<MemPortIdVec></MemPortIdVec>
<condition id="0">
<or_exp><and_exp></and_exp></or_exp>
</condition>

<Node id="10" bw="0" op_0_bw="0" op_1_bw="1">
<![CDATA[
:2  call void (...)* @_ssdm_op_SpecBitsMap(i1* %inReset), !map !168

]]></Node>
<StgValue><ssdm name=""/></StgValue>
</operation>

<operation id="6" st_id="1" stage="1" lat="1">
<core>NULL</core>
<MemPortIdVec></MemPortIdVec>
<condition id="0">
<or_exp><and_exp></and_exp></or_exp>
</condition>

<Node id="11" bw="0" op_0_bw="0" op_1_bw="4">
<![CDATA[
:3  call void (...)* @_ssdm_op_SpecBitsMap(i4* %inData), !map !172

]]></Node>
<StgValue><ssdm name=""/></StgValue>
</operation>

<operation id="7" st_id="1" stage="1" lat="1">
<core>NULL</core>
<MemPortIdVec></MemPortIdVec>
<condition id="0">
<or_exp><and_exp></and_exp></or_exp>
</condition>

<Node id="12" bw="0" op_0_bw="0" op_1_bw="4">
<![CDATA[
:4  call void (...)* @_ssdm_op_SpecBitsMap(i4* %outData), !map !176

]]></Node>
<StgValue><ssdm name=""/></StgValue>
</operation>

<operation id="8" st_id="1" stage="1" lat="1">
<core>NULL</core>
<MemPortIdVec></MemPortIdVec>
<condition id="0">
<or_exp><and_exp></and_exp></or_exp>
</condition>

<Node id="13" bw="0" op_0_bw="0" op_1_bw="1">
<![CDATA[
:5  call void (...)* @_ssdm_op_SpecBitsMap(i1* %receiverReady), !map !180

]]></Node>
<StgValue><ssdm name=""/></StgValue>
</operation>

<operation id="9" st_id="1" stage="1" lat="1">
<core>NULL</core>
<MemPortIdVec></MemPortIdVec>
<condition id="0">
<or_exp><and_exp></and_exp></or_exp>
</condition>

<Node id="14" bw="0" op_0_bw="0" op_1_bw="1">
<![CDATA[
:6  call void (...)* @_ssdm_op_SpecBitsMap(i1* %transmitterReady), !map !184

]]></Node>
<StgValue><ssdm name=""/></StgValue>
</operation>

<operation id="10" st_id="1" stage="1" lat="1">
<core>NULL</core>
<MemPortIdVec></MemPortIdVec>
<condition id="0">
<or_exp><and_exp></and_exp></or_exp>
</condition>

<Node id="15" bw="0" op_0_bw="0" op_1_bw="0" op_2_bw="0">
<![CDATA[
:7  call void (...)* @_ssdm_op_SpecTopModule([9 x i8]* @p_str19, [9 x i8]* @p_str19) nounwind

]]></Node>
<StgValue><ssdm name=""/></StgValue>
</operation>

<operation id="11" st_id="1" stage="1" lat="1">
<core>NULL</core>
<MemPortIdVec></MemPortIdVec>
<condition id="0">
<or_exp><and_exp></and_exp></or_exp>
</condition>

<Node id="16" bw="1" op_0_bw="1">
<![CDATA[
:8  %Receiver_ssdm_thr = load i1* @Receiver_ssdm_thread_M_receiverThread, align 1

]]></Node>
<StgValue><ssdm name="Receiver_ssdm_thr"/></StgValue>
</operation>

<operation id="12" st_id="1" stage="1" lat="1">
<core>NULL</core>
<MemPortIdVec></MemPortIdVec>
<condition id="0">
<or_exp><and_exp></and_exp></or_exp>
</condition>

<Node id="17" bw="0" op_0_bw="1" op_1_bw="0" op_2_bw="0">
<![CDATA[
:9  br i1 %Receiver_ssdm_thr, label %1, label %2

]]></Node>
<StgValue><ssdm name=""/></StgValue>
</operation>

<operation id="13" st_id="1" stage="1" lat="1">
<core>NULL</core>
<MemPortIdVec></MemPortIdVec>
<condition id="2">
<or_exp><and_exp><literal name="Receiver_ssdm_thr" val="0"/>
</and_exp></or_exp>
</condition>

<Node id="19" bw="0" op_0_bw="0" op_1_bw="0" op_2_bw="32" op_3_bw="0">
<![CDATA[
:0  call void (...)* @_ssdm_op_SpecProcessDecl([9 x i8]* @p_str19, i32 2, [15 x i8]* @p_str928) nounwind

]]></Node>
<StgValue><ssdm name=""/></StgValue>
</operation>

<operation id="14" st_id="1" stage="1" lat="1">
<core>NULL</core>
<MemPortIdVec></MemPortIdVec>
<condition id="2">
<or_exp><and_exp><literal name="Receiver_ssdm_thr" val="0"/>
</and_exp></or_exp>
</condition>

<Node id="20" bw="0" op_0_bw="0" op_1_bw="0" op_2_bw="0" op_3_bw="1" op_4_bw="32">
<![CDATA[
:1  call void (...)* @_ssdm_op_SpecSensitive([15 x i8]* @p_str928, [6 x i8]* @p_str221, i1* %inClk, i32 1) nounwind

]]></Node>
<StgValue><ssdm name=""/></StgValue>
</operation>

<operation id="15" st_id="1" stage="1" lat="1">
<core>NULL</core>
<MemPortIdVec></MemPortIdVec>
<condition id="2">
<or_exp><and_exp><literal name="Receiver_ssdm_thr" val="0"/>
</and_exp></or_exp>
</condition>

<Node id="21" bw="0" op_0_bw="0" op_1_bw="0" op_2_bw="0" op_3_bw="1" op_4_bw="32">
<![CDATA[
:2  call void (...)* @_ssdm_op_SpecSensitive([15 x i8]* @p_str928, [8 x i8]* @p_str322, i1* %inReset, i32 3) nounwind

]]></Node>
<StgValue><ssdm name=""/></StgValue>
</operation>

<operation id="16" st_id="1" stage="1" lat="1">
<core>NULL</core>
<MemPortIdVec></MemPortIdVec>
<condition id="2">
<or_exp><and_exp><literal name="Receiver_ssdm_thr" val="0"/>
</and_exp></or_exp>
</condition>

<Node id="22" bw="0" op_0_bw="0" op_1_bw="0" op_2_bw="32" op_3_bw="0" op_4_bw="0" op_5_bw="32" op_6_bw="32" op_7_bw="1">
<![CDATA[
:3  call void (...)* @_ssdm_op_SpecPort([9 x i8]* @p_str19, i32 0, [7 x i8]* @p_str120, [6 x i8]* @p_str221, i32 0, i32 0, i1* %inClk) nounwind

]]></Node>
<StgValue><ssdm name=""/></StgValue>
</operation>

<operation id="17" st_id="1" stage="1" lat="1">
<core>NULL</core>
<MemPortIdVec></MemPortIdVec>
<condition id="2">
<or_exp><and_exp><literal name="Receiver_ssdm_thr" val="0"/>
</and_exp></or_exp>
</condition>

<Node id="23" bw="0" op_0_bw="0" op_1_bw="0" op_2_bw="32" op_3_bw="0" op_4_bw="0" op_5_bw="32" op_6_bw="32" op_7_bw="1">
<![CDATA[
:4  call void (...)* @_ssdm_op_SpecPort([9 x i8]* @p_str19, i32 0, [7 x i8]* @p_str120, [8 x i8]* @p_str322, i32 0, i32 0, i1* %inReset) nounwind

]]></Node>
<StgValue><ssdm name=""/></StgValue>
</operation>

<operation id="18" st_id="1" stage="1" lat="1">
<core>NULL</core>
<MemPortIdVec></MemPortIdVec>
<condition id="2">
<or_exp><and_exp><literal name="Receiver_ssdm_thr" val="0"/>
</and_exp></or_exp>
</condition>

<Node id="24" bw="0" op_0_bw="0" op_1_bw="0" op_2_bw="32" op_3_bw="0" op_4_bw="0" op_5_bw="32" op_6_bw="32" op_7_bw="4">
<![CDATA[
:5  call void (...)* @_ssdm_op_SpecPort([9 x i8]* @p_str19, i32 0, [13 x i8]* @p_str423, [7 x i8]* @p_str524, i32 0, i32 0, i4* %inData) nounwind

]]></Node>
<StgValue><ssdm name=""/></StgValue>
</operation>

<operation id="19" st_id="1" stage="1" lat="1">
<core>NULL</core>
<MemPortIdVec></MemPortIdVec>
<condition id="2">
<or_exp><and_exp><literal name="Receiver_ssdm_thr" val="0"/>
</and_exp></or_exp>
</condition>

<Node id="25" bw="0" op_0_bw="0" op_1_bw="0" op_2_bw="32" op_3_bw="0" op_4_bw="0" op_5_bw="32" op_6_bw="32" op_7_bw="4">
<![CDATA[
:6  call void (...)* @_ssdm_op_SpecPort([9 x i8]* @p_str19, i32 1, [13 x i8]* @p_str423, [8 x i8]* @p_str625, i32 0, i32 0, i4* %outData) nounwind

]]></Node>
<StgValue><ssdm name=""/></StgValue>
</operation>

<operation id="20" st_id="1" stage="1" lat="1">
<core>NULL</core>
<MemPortIdVec></MemPortIdVec>
<condition id="2">
<or_exp><and_exp><literal name="Receiver_ssdm_thr" val="0"/>
</and_exp></or_exp>
</condition>

<Node id="26" bw="0" op_0_bw="0" op_1_bw="0" op_2_bw="32" op_3_bw="0" op_4_bw="0" op_5_bw="32" op_6_bw="32" op_7_bw="1">
<![CDATA[
:7  call void (...)* @_ssdm_op_SpecPort([9 x i8]* @p_str19, i32 1, [7 x i8]* @p_str120, [14 x i8]* @p_str726, i32 0, i32 0, i1* %receiverReady) nounwind

]]></Node>
<StgValue><ssdm name=""/></StgValue>
</operation>

<operation id="21" st_id="1" stage="1" lat="1">
<core>NULL</core>
<MemPortIdVec></MemPortIdVec>
<condition id="2">
<or_exp><and_exp><literal name="Receiver_ssdm_thr" val="0"/>
</and_exp></or_exp>
</condition>

<Node id="27" bw="0" op_0_bw="0" op_1_bw="0" op_2_bw="32" op_3_bw="0" op_4_bw="0" op_5_bw="32" op_6_bw="32" op_7_bw="1">
<![CDATA[
:8  call void (...)* @_ssdm_op_SpecPort([9 x i8]* @p_str19, i32 0, [7 x i8]* @p_str120, [17 x i8]* @p_str827, i32 0, i32 0, i1* %transmitterReady) nounwind

]]></Node>
<StgValue><ssdm name=""/></StgValue>
</operation>

<operation id="22" st_id="1" stage="1" lat="1">
<core>NULL</core>
<MemPortIdVec></MemPortIdVec>
<condition id="2">
<or_exp><and_exp><literal name="Receiver_ssdm_thr" val="0"/>
</and_exp></or_exp>
</condition>

<Node id="28" bw="0">
<![CDATA[
:9  ret void

]]></Node>
<StgValue><ssdm name=""/></StgValue>
</operation>

<operation id="23" st_id="1" stage="2" lat="2">
<core></core>
<MemPortIdVec></MemPortIdVec>
<condition id="4">
<or_exp><and_exp><literal name="Receiver_ssdm_thr" val="1"/>
</and_exp></or_exp>
</condition>

<Node id="30" bw="0" op_0_bw="0" op_1_bw="1" op_2_bw="1" op_3_bw="4" op_4_bw="4" op_5_bw="1" op_6_bw="1">
<![CDATA[
:0  call void @"Receiver::receiverThread"(i1* %inClk, i1* %inReset, i4* %inData, i4* %outData, i1* %receiverReady, i1* %transmitterReady)

]]></Node>
<StgValue><ssdm name=""/></StgValue>
</operation>
</state>

<state id="2" st_id="2">

<operation id="24" st_id="2" stage="1" lat="2">
<core></core>
<MemPortIdVec></MemPortIdVec>
<condition id="5">
<or_exp><and_exp></and_exp></or_exp>
</condition>

<Node id="30" bw="0" op_0_bw="0" op_1_bw="1" op_2_bw="1" op_3_bw="4" op_4_bw="4" op_5_bw="1" op_6_bw="1">
<![CDATA[
:0  call void @"Receiver::receiverThread"(i1* %inClk, i1* %inReset, i4* %inData, i4* %outData, i1* %receiverReady, i1* %transmitterReady)

]]></Node>
<StgValue><ssdm name=""/></StgValue>
</operation>

<operation id="25" st_id="2" stage="1" lat="1">
<core>NULL</core>
<MemPortIdVec></MemPortIdVec>
<condition id="5">
<or_exp><and_exp></and_exp></or_exp>
</condition>

<Node id="31" bw="0">
<![CDATA[
:1  unreachable

]]></Node>
<StgValue><ssdm name=""/></StgValue>
</operation>
</state>
</state_list>


<ports>
</ports>


<dataflows>
</dataflows>


</stg>
