<profile>

<section name = "Vivado HLS Report for 'Receiver'" level="0">
<item name = "Date">Sat Jan  2 20:13:15 2021
</item>
<item name = "Version">2017.2 (Build 1909853 on Thu Jun 15 18:55:24 MDT 2017)</item>
<item name = "Project">Communication_ip_core</item>
<item name = "Solution">solution1</item>
<item name = "Product family">zynq</item>
<item name = "Target device">xc7z010clg400-1</item>
</section>

<section name = "Performance Estimates" level="0">
<item name = "Timing (ns)">
<section name = "" level="1">
<item name = "Summary"><table name="" hasTotal="0">
<keys size="4">Clock, Target, Estimated, Uncertainty</keys>
<column name="ap_clk">8.00, 0.00, 1.00</column>
</table>
</item>
</section>
</item>
<item name = "Latency (clock cycles)">
<section name = "" level="1">
<item name = "Summary"><table name="" hasTotal="0">
<keys size="6">, min, max, min, max, Type</keys>
<column name="">0, 5, 1, 6, none</column>
</table>
</item>
<item name = "Detail">
<section name = "" level="1">
<item name = "Instance"><table name="" hasTotal="0">
<keys size="7">Instance, Module, min, max, min, max, Type</keys>
<column name="grp_Receiver_receiverThread_fu_64">Receiver_receiverThread, 4, 4, 4, 4, none</column>
</table>
</item>
<item name = "Loop"><table name="" hasTotal="0">
<keys size="8">Loop Name, min, max, Latency, achieved, target, Count, Pipelined</keys>
</table>
</item>
</section>
</item>
</section>
</item>
</section>

<section name = "Utilization Estimates" level="0">
<item name = "Summary"><table name="" hasTotal="1">
<keys size="5">Name, BRAM_18K, DSP48E, FF, LUT</keys>
<column name="DSP">-, -, -, -</column>
<column name="Expression">-, -, -, -</column>
<column name="FIFO">-, -, -, -</column>
<column name="Instance">-, -, 4, 36</column>
<column name="Memory">-, -, -, -</column>
<column name="Multiplexer">-, -, -, -</column>
<column name="Register">-, -, 5, -</column>
<specialColumn name="Available">120, 80, 35200, 17600</specialColumn>
<specialColumn name="Utilization (%)">0, 0, ~0, ~0</specialColumn>
</table>
</item>
<item name = "Detail">
<section name = "" level="1">
<item name = "Instance"><table name="" hasTotal="1">
<keys size="6">Instance, Module, BRAM_18K, DSP48E, FF, LUT</keys>
<column name="grp_Receiver_receiverThread_fu_64">Receiver_receiverThread, 0, 0, 4, 36</column>
</table>
</item>
<item name = "DSP48"><table name="" hasTotal="0">
<keys size="3">Instance, Module, Expression</keys>
</table>
</item>
<item name = "Memory"><table name="" hasTotal="1">
<keys size="9">Memory, Module, BRAM_18K, FF, LUT, Words, Bits, Banks, W*Bits*Banks</keys>
</table>
</item>
<item name = "FIFO"><table name="" hasTotal="1">
<keys size="7">Name, BRAM_18K, FF, LUT, Depth, Bits, Size:D*B</keys>
</table>
</item>
<item name = "Expression"><table name="" hasTotal="1">
<keys size="7">Variable Name, Operation, DSP48E, FF, LUT, Bitwidth P0, Bitwidth P1</keys>
</table>
</item>
<item name = "Multiplexer"><table name="" hasTotal="1">
<keys size="5">Name, LUT, Input Size, Bits, Total Bits</keys>
</table>
</item>
<item name = "Register"><table name="" hasTotal="1">
<keys size="5">Name, FF, LUT, Bits, Const Bits</keys>
<column name="outData">4, 0, 4, 0</column>
<column name="receiverReady">1, 0, 1, 0</column>
</table>
</item>
</section>
</item>
</section>

<section name = "Interface" level="0">
<item name = "Summary"><table name="" hasTotal="0">
<keys size="6">RTL Ports, Dir, Bits, Protocol, Source Object, C Type</keys>
<column name="inClk">in, 1, ap_ctrl_hs, Receiver::Receiver, return value</column>
<column name="inReset">in, 1, ap_ctrl_hs, Receiver::Receiver, return value</column>
<column name="inData">in, 4, ap_none, inData, pointer</column>
<column name="outData">out, 4, ap_vld, outData, pointer</column>
<column name="receiverReady">out, 1, ap_vld, receiverReady, pointer</column>
<column name="transmitterReady">in, 1, ap_none, transmitterReady, pointer</column>
</table>
</item>
</section>
</profile>
