<stg><name>Receiver::Receiver</name>


<trans_list>

<trans id="26" from="1" to="2">
<condition id="6">
<or_exp><and_exp><literal name="Receiver_ssdm_thr" val="1"/>
</and_exp></or_exp>
</condition>
</trans>
</trans_list>



<state_list>

<state id="1" st_id="1">

<operation id="3" st_id="1" stage="1" lat="1">
<core>NULL</core>
<MemPortIdVec></MemPortIdVec>
<condition id="0">
<or_exp><and_exp></and_exp></or_exp>
</condition>

<Node id="8" bw="0" op_0_bw="0" op_1_bw="4" op_2_bw="0" op_3_bw="0" op_4_bw="0" op_5_bw="32" op_6_bw="0" op_7_bw="0" op_8_bw="0" op_9_bw="0" op_10_bw="0">
<![CDATA[
:0  call void (...)* @_ssdm_op_SpecIFCore(i4* %outData, [1 x i8]* @p_str1130, [10 x i8]* @p_str1332, [1 x i8]* @p_str1130, i32 -1, [1 x i8]* @p_str1130, [1 x i8]* @p_str1130, [1 x i8]* @p_str1130, [1 x i8]* @p_str1130, [17 x i8]* @p_str1433)

]]></Node>
<StgValue><ssdm name=""/></StgValue>
</operation>

<operation id="4" st_id="1" stage="1" lat="1">
<core>NULL</core>
<MemPortIdVec></MemPortIdVec>
<condition id="0">
<or_exp><and_exp></and_exp></or_exp>
</condition>

<Node id="9" bw="0" op_0_bw="0" op_1_bw="1">
<![CDATA[
:1  call void (...)* @_ssdm_op_SpecBitsMap(i1* %inClk), !map !164

]]></Node>
<StgValue><ssdm name=""/></StgValue>
</operation>

<operation id="5" st_id="1" stage="1" lat="1">
<core>NULL</core>
<MemPortIdVec></MemPortIdVec>
<condition id="0">
<or_exp><and_exp></and_exp></or_exp>
</condition>

<Node id="10" bw="0" op_0_bw="0" op_1_bw="1">
<![CDATA[
:2  call void (...)* @_ssdm_op_SpecBitsMap(i1* %inReset), !map !168

]]></Node>
<StgValue><ssdm name=""/></StgValue>
</operation>

<operation id="6" st_id="1" stage="1" lat="1">
<core>NULL</core>
<MemPortIdVec></MemPortIdVec>
<condition id="0">
<or_exp><and_exp></and_exp></or_exp>
</condition>

<Node id="11" bw="0" op_0_bw="0" op_1_bw="4">
<![CDATA[
:3  call void (...)* @_ssdm_op_SpecBitsMap(i4* %inData), !map !172

]]></Node>
<StgValue><ssdm name=""/></StgValue>
</operation>

<operation id="7" st_id="1" stage="1" lat="1">
<core>NULL</core>
<MemPortIdVec></MemPortIdVec>
<condition id="0">
<or_exp><and_exp></and_exp></or_exp>
</condition>

<Node id="12" bw="0" op_0_bw="0" op_1_bw="4">
<![CDATA[
:4  call void (...)* @_ssdm_op_SpecBitsMap(i4* %outData), !map !176

]]></Node>
<StgValue><ssdm name=""/></StgValue>
</operation>

<operation id="8" st_id="1" stage="1" lat="1">
<core>NULL</core>
<MemPortIdVec></MemPortIdVec>
<condition id="0">
<or_exp><and_exp></and_exp></or_exp>
</condition>

<Node id="13" bw="0" op_0_bw="0" op_1_bw="1">
<![CDATA[
:5  call void (...)* @_ssdm_op_SpecBitsMap(i1* %receiverReady), !map !180

]]></Node>
<StgValue><ssdm name=""/></StgValue>
</operation>

<operation id="9" st_id="1" stage="1" lat="1">
<core>NULL</core>
<MemPortIdVec></MemPortIdVec>
<condition id="0">
<or_exp><and_exp></and_exp></or_exp>
</condition>

<Node id="14" bw="0" op_0_bw="0" op_1_bw="1">
<![CDATA[
:6  call void (...)* @_ssdm_op_SpecBitsMap(i1* %transmitterReady), !map !184

]]></Node>
<StgValue><ssdm name=""/></StgValue>
</operation>

<operation id="10" st_id="1" stage="1" lat="1">
<core>NULL</core>
<MemPortIdVec></MemPortIdVec>
<condition id="0">
<or_exp><and_exp></and_exp></or_exp>
</condition>

<Node id="15" bw="0" op_0_bw="0" op_1_bw="0" op_2_bw="0">
<![CDATA[
:7  call void (...)* @_ssdm_op_SpecTopModule([9 x i8]* @p_str19, [9 x i8]* @p_str19) nounwind

]]></Node>
<StgValue><ssdm name=""/></StgValue>
</operation>

<operation id="11" st_id="1" stage="1" lat="1">
<core>NULL</core>
<MemPortIdVec></MemPortIdVec>
<condition id="0">
<or_exp><and_exp></and_exp></or_exp>
</condition>

<Node id="16" bw="1" op_0_bw="1">
<![CDATA[
:8  %Receiver_ssdm_thr = load i1* @Receiver_ssdm_thread_M_receiverThread, align 1

]]></Node>
<StgValue><ssdm name="Receiver_ssdm_thr"/></StgValue>
</operation>

<operation id="12" st_id="1" stage="1" lat="1">
<core>NULL</core>
<MemPortIdVec></MemPortIdVec>
<condition id="0">
<or_exp><and_exp></and_exp></or_exp>
</condition>

<Node id="17" bw="0" op_0_bw="1" op_1_bw="0" op_2_bw="0">
<![CDATA[
:9  br i1 %Receiver_ssdm_thr, label %1, label %2

]]></Node>
<StgValue><ssdm name=""/></StgValue>
</operation>

<operation id="13" st_id="1" stage="1" lat="1">
<core>NULL</core>
<MemPortIdVec></MemPortIdVec>
<condition id="2">
<or_exp><and_exp><literal name="Receiver_ssdm_thr" val="0"/>
</and_exp></or_exp>
</condition>

<Node id="19" bw="0" op_0_bw="0" op_1_bw="0" op_2_bw="32" op_3_bw="0">
<![CDATA[
:0  call void (...)* @_ssdm_op_SpecProcessDecl([9 x i8]* @p_str19, i32 2, [15 x i8]* @p_str928) nounwind

]]></Node>
<StgValue><ssdm name=""/></StgValue>
</operation>

<operation id="14" st_id="1" stage="1" lat="1">
<core>NULL</core>
<MemPortIdVec></MemPortIdVec>
<condition id="2">
<or_exp><and_exp><literal name="Receiver_ssdm_thr" val="0"/>
</and_exp></or_exp>
</condition>

<Node id="20" bw="0" op_0_bw="0" op_1_bw="0" op_2_bw="0" op_3_bw="1" op_4_bw="32">
<![CDATA[
:1  call void (...)* @_ssdm_op_SpecSensitive([15 x i8]* @p_str928, [6 x i8]* @p_str221, i1* %inClk, i32 1) nounwind

]]></Node>
<StgValue><ssdm name=""/></StgValue>
</operation>

<operation id="15" st_id="1" stage="1" lat="1">
<core>NULL</core>
<MemPortIdVec></MemPortIdVec>
<condition id="2">
<or_exp><and_exp><literal name="Receiver_ssdm_thr" val="0"/>
</and_exp></or_exp>
</condition>

<Node id="21" bw="0" op_0_bw="0" op_1_bw="0" op_2_bw="0" op_3_bw="1" op_4_bw="32">
<![CDATA[
:2  call void (...)* @_ssdm_op_SpecSensitive([15 x i8]* @p_str928, [8 x i8]* @p_str322, i1* %inReset, i32 3) nounwind

]]></Node>
<StgValue><ssdm name=""/></StgValue>
</operation>

<operation id="16" st_id="1" stage="1" lat="1">
<core>NULL</core>
<MemPortIdVec></MemPortIdVec>
<condition id="2">
<or_exp><and_exp><literal name="Receiver_ssdm_thr" val="0"/>
</and_exp></or_exp>
</condition>

<Node id="22" bw="0" op_0_bw="0" op_1_bw="0" op_2_bw="32" op_3_bw="0" op_4_bw="0" op_5_bw="32" op_6_bw="32" op_7_bw="1">
<![CDATA[
:3  call void (...)* @_ssdm_op_SpecPort([9 x i8]* @p_str19, i32 0, [7 x i8]* @p_str120, [6 x i8]* @p_str221, i32 0, i32 0, i1* %inClk) nounwind

]]></Node>
<StgValue><ssdm name=""/></StgValue>
</operation>

<operation id="17" st_id="1" stage="1" lat="1">
<core>NULL</core>
<MemPortIdVec></MemPortIdVec>
<condition id="2">
<or_exp><and_exp><literal name="Receiver_ssdm_thr" val="0"/>
</and_exp></or_exp>
</condition>

<Node id="23" bw="0" op_0_bw="0" op_1_bw="0" op_2_bw="32" op_3_bw="0" op_4_bw="0" op_5_bw="32" op_6_bw="32" op_7_bw="1">
<![CDATA[
:4  call void (...)* @_ssdm_op_SpecPort([9 x i8]* @p_str19, i32 0, [7 x i8]* @p_str120, [8 x i8]* @p_str322, i32 0, i32 0, i1* %inReset) nounwind

]]></Node>
<StgValue><ssdm name=""/></StgValue>
</operation>

<operation id="18" st_id="1" stage="1" lat="1">
<core>NULL</core>
<MemPortIdVec></MemPortIdVec>
<condition id="2">
<or_exp><and_exp><literal name="Receiver_ssdm_thr" val="0"/>
</and_exp></or_exp>
</condition>

<Node id="24" bw="0" op_0_bw="0" op_1_bw="0" op_2_bw="32" op_3_bw="0" op_4_bw="0" op_5_bw="32" op_6_bw="32" op_7_bw="4">
<![CDATA[
:5  call void (...)* @_ssdm_op_SpecPort([9 x i8]* @p_str19, i32 0, [13 x i8]* @p_str423, [7 x i8]* @p_str524, i32 0, i32 0, i4* %inData) nounwind

]]></Node>
<StgValue><ssdm name=""/></StgValue>
</operation>

<operation id="19" st_id="1" stage="1" lat="1">
<core>NULL</core>
<MemPortIdVec></MemPortIdVec>
<condition id="2">
<or_exp><and_exp><literal name="Receiver_ssdm_thr" val="0"/>
</and_exp></or_exp>
</condition>

<Node id="25" bw="0" op_0_bw="0" op_1_bw="0" op_2_bw="32" op_3_bw="0" op_4_bw="0" op_5_bw="32" op_6_bw="32" op_7_bw="4">
<![CDATA[
:6  call void (...)* @_ssdm_op_SpecPort([9 x i8]* @p_str19, i32 1, [13 x i8]* @p_str423, [8 x i8]* @p_str625, i32 0, i32 0, i4* %outData) nounwind

]]></Node>
<StgValue><ssdm name=""/></StgValue>
</operation>

<operation id="20" st_id="1" stage="1" lat="1">
<core>NULL</core>
<MemPortIdVec></MemPortIdVec>
<condition id="2">
<or_exp><and_exp><literal name="Receiver_ssdm_thr" val="0"/>
</and_exp></or_exp>
</condition>

<Node id="26" bw="0" op_0_bw="0" op_1_bw="0" op_2_bw="32" op_3_bw="0" op_4_bw="0" op_5_bw="32" op_6_bw="32" op_7_bw="1">
<![CDATA[
:7  call void (...)* @_ssdm_op_SpecPort([9 x i8]* @p_str19, i32 1, [7 x i8]* @p_str120, [14 x i8]* @p_str726, i32 0, i32 0, i1* %receiverReady) nounwind

]]></Node>
<StgValue><ssdm name=""/></StgValue>
</operation>

<operation id="21" st_id="1" stage="1" lat="1">
<core>NULL</core>
<MemPortIdVec></MemPortIdVec>
<condition id="2">
<or_exp><and_exp><literal name="Receiver_ssdm_thr" val="0"/>
</and_exp></or_exp>
</condition>

<Node id="27" bw="0" op_0_bw="0" op_1_bw="0" op_2_bw="32" op_3_bw="0" op_4_bw="0" op_5_bw="32" op_6_bw="32" op_7_bw="1">
<![CDATA[
:8  call void (...)* @_ssdm_op_SpecPort([9 x i8]* @p_str19, i32 0, [7 x i8]* @p_str120, [17 x i8]* @p_str827, i32 0, i32 0, i1* %transmitterReady) nounwind

]]></Node>
<StgValue><ssdm name=""/></StgValue>
</operation>

<operation id="22" st_id="1" stage="1" lat="1">
<core>NULL</core>
<MemPortIdVec></MemPortIdVec>
<condition id="2">
<or_exp><and_exp><literal name="Receiver_ssdm_thr" val="0"/>
</and_exp></or_exp>
</condition>

<Node id="28" bw="0">
<![CDATA[
:9  ret void

]]></Node>
<StgValue><ssdm name=""/></StgValue>
</operation>

<operation id="23" st_id="1" stage="2" lat="2">
<core></core>
<MemPortIdVec></MemPortIdVec>
<condition id="4">
<or_exp><and_exp><literal name="Receiver_ssdm_thr" val="1"/>
</and_exp></or_exp>
</condition>

<Node id="30" bw="0" op_0_bw="0" op_1_bw="1" op_2_bw="1" op_3_bw="4" op_4_bw="4" op_5_bw="1" op_6_bw="1">
<![CDATA[
:0  call void @"Receiver::receiverThread"(i1* %inClk, i1* %inReset, i4* %inData, i4* %outData, i1* %receiverReady, i1* %transmitterReady)

]]></Node>
<StgValue><ssdm name=""/></StgValue>
</operation>
</state>

<state id="2" st_id="2">

<operation id="24" st_id="2" stage="1" lat="2">
<core></core>
<MemPortIdVec></MemPortIdVec>
<condition id="5">
<or_exp><and_exp></and_exp></or_exp>
</condition>

<Node id="30" bw="0" op_0_bw="0" op_1_bw="1" op_2_bw="1" op_3_bw="4" op_4_bw="4" op_5_bw="1" op_6_bw="1">
<![CDATA[
:0  call void @"Receiver::receiverThread"(i1* %inClk, i1* %inReset, i4* %inData, i4* %outData, i1* %receiverReady, i1* %transmitterReady)

]]></Node>
<StgValue><ssdm name=""/></StgValue>
</operation>

<operation id="25" st_id="2" stage="1" lat="1">
<core>NULL</core>
<MemPortIdVec></MemPortIdVec>
<condition id="5">
<or_exp><and_exp></and_exp></or_exp>
</condition>

<Node id="31" bw="0">
<![CDATA[
:1  unreachable

]]></Node>
<StgValue><ssdm name=""/></StgValue>
</operation>
</state>
</state_list>


<ports>
<port id="28" name="inClk" dir="0" iftype="0">
<core>NULL</core><StgValue><ssdm name="inClk"/></StgValue>
</port>
<port id="29" name="inReset" dir="0" iftype="0">
<core>NULL</core><StgValue><ssdm name="inReset"/></StgValue>
</port>
<port id="30" name="inData" dir="0" iftype="0">
<core>NULL</core><StgValue><ssdm name="inData"/></StgValue>
</port>
<port id="31" name="outData" dir="1" iftype="0">
<core>AXI4LiteS</core><StgValue><ssdm name="outData"/></StgValue>
</port>
<port id="32" name="receiverReady" dir="1" iftype="0">
<core>NULL</core><StgValue><ssdm name="receiverReady"/></StgValue>
</port>
<port id="33" name="transmitterReady" dir="0" iftype="0">
<core>NULL</core><StgValue><ssdm name="transmitterReady"/></StgValue>
</port>
<port id="34" name="Receiver_ssdm_thread_M_receiverThread" dir="0" iftype="0">
<core>NULL</core><StgValue><ssdm name="Receiver_ssdm_thread_M_receiverThread"/></StgValue>
</port>
</ports>


<dataflows>
<dataflow id="36" from="_ssdm_op_SpecIFCore" to="StgValue_3" fromId="35" toId="3">
</dataflow>
<dataflow id="37" from="outData" to="StgValue_3" fromId="31" toId="3">
</dataflow>
<dataflow id="39" from="p_str1130" to="StgValue_3" fromId="38" toId="3">
</dataflow>
<dataflow id="41" from="p_str1332" to="StgValue_3" fromId="40" toId="3">
</dataflow>
<dataflow id="42" from="p_str1130" to="StgValue_3" fromId="38" toId="3">
</dataflow>
<dataflow id="44" from="StgValue_43" to="StgValue_3" fromId="43" toId="3">
</dataflow>
<dataflow id="45" from="p_str1130" to="StgValue_3" fromId="38" toId="3">
</dataflow>
<dataflow id="46" from="p_str1130" to="StgValue_3" fromId="38" toId="3">
</dataflow>
<dataflow id="47" from="p_str1130" to="StgValue_3" fromId="38" toId="3">
</dataflow>
<dataflow id="48" from="p_str1130" to="StgValue_3" fromId="38" toId="3">
</dataflow>
<dataflow id="50" from="p_str1433" to="StgValue_3" fromId="49" toId="3">
</dataflow>
<dataflow id="52" from="_ssdm_op_SpecBitsMap" to="StgValue_4" fromId="51" toId="4">
</dataflow>
<dataflow id="53" from="inClk" to="StgValue_4" fromId="28" toId="4">
</dataflow>
<dataflow id="54" from="_ssdm_op_SpecBitsMap" to="StgValue_5" fromId="51" toId="5">
</dataflow>
<dataflow id="55" from="inReset" to="StgValue_5" fromId="29" toId="5">
</dataflow>
<dataflow id="56" from="_ssdm_op_SpecBitsMap" to="StgValue_6" fromId="51" toId="6">
</dataflow>
<dataflow id="57" from="inData" to="StgValue_6" fromId="30" toId="6">
</dataflow>
<dataflow id="58" from="_ssdm_op_SpecBitsMap" to="StgValue_7" fromId="51" toId="7">
</dataflow>
<dataflow id="59" from="outData" to="StgValue_7" fromId="31" toId="7">
</dataflow>
<dataflow id="60" from="_ssdm_op_SpecBitsMap" to="StgValue_8" fromId="51" toId="8">
</dataflow>
<dataflow id="61" from="receiverReady" to="StgValue_8" fromId="32" toId="8">
</dataflow>
<dataflow id="62" from="_ssdm_op_SpecBitsMap" to="StgValue_9" fromId="51" toId="9">
</dataflow>
<dataflow id="63" from="transmitterReady" to="StgValue_9" fromId="33" toId="9">
</dataflow>
<dataflow id="65" from="_ssdm_op_SpecTopModule" to="StgValue_10" fromId="64" toId="10">
</dataflow>
<dataflow id="67" from="p_str19" to="StgValue_10" fromId="66" toId="10">
</dataflow>
<dataflow id="68" from="p_str19" to="StgValue_10" fromId="66" toId="10">
</dataflow>
<dataflow id="69" from="Receiver_ssdm_thread_M_receiverThread" to="Receiver_ssdm_thr" fromId="34" toId="11">
</dataflow>
<dataflow id="70" from="Receiver_ssdm_thr" to="StgValue_12" fromId="11" toId="12">
</dataflow>
<dataflow id="72" from="_ssdm_op_SpecProcessDecl" to="StgValue_13" fromId="71" toId="13">
</dataflow>
<dataflow id="73" from="p_str19" to="StgValue_13" fromId="66" toId="13">
</dataflow>
<dataflow id="75" from="StgValue_74" to="StgValue_13" fromId="74" toId="13">
</dataflow>
<dataflow id="77" from="p_str928" to="StgValue_13" fromId="76" toId="13">
</dataflow>
<dataflow id="79" from="_ssdm_op_SpecSensitive" to="StgValue_14" fromId="78" toId="14">
</dataflow>
<dataflow id="80" from="p_str928" to="StgValue_14" fromId="76" toId="14">
</dataflow>
<dataflow id="82" from="p_str221" to="StgValue_14" fromId="81" toId="14">
</dataflow>
<dataflow id="83" from="inClk" to="StgValue_14" fromId="28" toId="14">
</dataflow>
<dataflow id="85" from="StgValue_84" to="StgValue_14" fromId="84" toId="14">
</dataflow>
<dataflow id="86" from="_ssdm_op_SpecSensitive" to="StgValue_15" fromId="78" toId="15">
</dataflow>
<dataflow id="87" from="p_str928" to="StgValue_15" fromId="76" toId="15">
</dataflow>
<dataflow id="89" from="p_str322" to="StgValue_15" fromId="88" toId="15">
</dataflow>
<dataflow id="90" from="inReset" to="StgValue_15" fromId="29" toId="15">
</dataflow>
<dataflow id="92" from="StgValue_91" to="StgValue_15" fromId="91" toId="15">
</dataflow>
<dataflow id="94" from="_ssdm_op_SpecPort" to="StgValue_16" fromId="93" toId="16">
</dataflow>
<dataflow id="95" from="p_str19" to="StgValue_16" fromId="66" toId="16">
</dataflow>
<dataflow id="97" from="StgValue_96" to="StgValue_16" fromId="96" toId="16">
</dataflow>
<dataflow id="99" from="p_str120" to="StgValue_16" fromId="98" toId="16">
</dataflow>
<dataflow id="100" from="p_str221" to="StgValue_16" fromId="81" toId="16">
</dataflow>
<dataflow id="101" from="StgValue_96" to="StgValue_16" fromId="96" toId="16">
</dataflow>
<dataflow id="102" from="StgValue_96" to="StgValue_16" fromId="96" toId="16">
</dataflow>
<dataflow id="103" from="inClk" to="StgValue_16" fromId="28" toId="16">
</dataflow>
<dataflow id="104" from="_ssdm_op_SpecPort" to="StgValue_17" fromId="93" toId="17">
</dataflow>
<dataflow id="105" from="p_str19" to="StgValue_17" fromId="66" toId="17">
</dataflow>
<dataflow id="106" from="StgValue_96" to="StgValue_17" fromId="96" toId="17">
</dataflow>
<dataflow id="107" from="p_str120" to="StgValue_17" fromId="98" toId="17">
</dataflow>
<dataflow id="108" from="p_str322" to="StgValue_17" fromId="88" toId="17">
</dataflow>
<dataflow id="109" from="StgValue_96" to="StgValue_17" fromId="96" toId="17">
</dataflow>
<dataflow id="110" from="StgValue_96" to="StgValue_17" fromId="96" toId="17">
</dataflow>
<dataflow id="111" from="inReset" to="StgValue_17" fromId="29" toId="17">
</dataflow>
<dataflow id="112" from="_ssdm_op_SpecPort" to="StgValue_18" fromId="93" toId="18">
</dataflow>
<dataflow id="113" from="p_str19" to="StgValue_18" fromId="66" toId="18">
</dataflow>
<dataflow id="114" from="StgValue_96" to="StgValue_18" fromId="96" toId="18">
</dataflow>
<dataflow id="116" from="p_str423" to="StgValue_18" fromId="115" toId="18">
</dataflow>
<dataflow id="118" from="p_str524" to="StgValue_18" fromId="117" toId="18">
</dataflow>
<dataflow id="119" from="StgValue_96" to="StgValue_18" fromId="96" toId="18">
</dataflow>
<dataflow id="120" from="StgValue_96" to="StgValue_18" fromId="96" toId="18">
</dataflow>
<dataflow id="121" from="inData" to="StgValue_18" fromId="30" toId="18">
</dataflow>
<dataflow id="122" from="_ssdm_op_SpecPort" to="StgValue_19" fromId="93" toId="19">
</dataflow>
<dataflow id="123" from="p_str19" to="StgValue_19" fromId="66" toId="19">
</dataflow>
<dataflow id="124" from="StgValue_84" to="StgValue_19" fromId="84" toId="19">
</dataflow>
<dataflow id="125" from="p_str423" to="StgValue_19" fromId="115" toId="19">
</dataflow>
<dataflow id="127" from="p_str625" to="StgValue_19" fromId="126" toId="19">
</dataflow>
<dataflow id="128" from="StgValue_96" to="StgValue_19" fromId="96" toId="19">
</dataflow>
<dataflow id="129" from="StgValue_96" to="StgValue_19" fromId="96" toId="19">
</dataflow>
<dataflow id="130" from="outData" to="StgValue_19" fromId="31" toId="19">
</dataflow>
<dataflow id="131" from="_ssdm_op_SpecPort" to="StgValue_20" fromId="93" toId="20">
</dataflow>
<dataflow id="132" from="p_str19" to="StgValue_20" fromId="66" toId="20">
</dataflow>
<dataflow id="133" from="StgValue_84" to="StgValue_20" fromId="84" toId="20">
</dataflow>
<dataflow id="134" from="p_str120" to="StgValue_20" fromId="98" toId="20">
</dataflow>
<dataflow id="136" from="p_str726" to="StgValue_20" fromId="135" toId="20">
</dataflow>
<dataflow id="137" from="StgValue_96" to="StgValue_20" fromId="96" toId="20">
</dataflow>
<dataflow id="138" from="StgValue_96" to="StgValue_20" fromId="96" toId="20">
</dataflow>
<dataflow id="139" from="receiverReady" to="StgValue_20" fromId="32" toId="20">
</dataflow>
<dataflow id="140" from="_ssdm_op_SpecPort" to="StgValue_21" fromId="93" toId="21">
</dataflow>
<dataflow id="141" from="p_str19" to="StgValue_21" fromId="66" toId="21">
</dataflow>
<dataflow id="142" from="StgValue_96" to="StgValue_21" fromId="96" toId="21">
</dataflow>
<dataflow id="143" from="p_str120" to="StgValue_21" fromId="98" toId="21">
</dataflow>
<dataflow id="145" from="p_str827" to="StgValue_21" fromId="144" toId="21">
</dataflow>
<dataflow id="146" from="StgValue_96" to="StgValue_21" fromId="96" toId="21">
</dataflow>
<dataflow id="147" from="StgValue_96" to="StgValue_21" fromId="96" toId="21">
</dataflow>
<dataflow id="148" from="transmitterReady" to="StgValue_21" fromId="33" toId="21">
</dataflow>
<dataflow id="150" from="Receiver::receiverThread" to="StgValue_23" fromId="149" toId="23">
</dataflow>
<dataflow id="151" from="inClk" to="StgValue_23" fromId="28" toId="23">
</dataflow>
<dataflow id="152" from="inReset" to="StgValue_23" fromId="29" toId="23">
</dataflow>
<dataflow id="153" from="inData" to="StgValue_23" fromId="30" toId="23">
</dataflow>
<dataflow id="154" from="outData" to="StgValue_23" fromId="31" toId="23">
</dataflow>
<dataflow id="155" from="receiverReady" to="StgValue_23" fromId="32" toId="23">
</dataflow>
<dataflow id="156" from="transmitterReady" to="StgValue_23" fromId="33" toId="23">
</dataflow>
<dataflow id="157" from="Receiver::receiverThread" to="StgValue_24" fromId="149" toId="24">
</dataflow>
<dataflow id="158" from="inClk" to="StgValue_24" fromId="28" toId="24">
</dataflow>
<dataflow id="159" from="inReset" to="StgValue_24" fromId="29" toId="24">
</dataflow>
<dataflow id="160" from="inData" to="StgValue_24" fromId="30" toId="24">
</dataflow>
<dataflow id="161" from="outData" to="StgValue_24" fromId="31" toId="24">
</dataflow>
<dataflow id="162" from="receiverReady" to="StgValue_24" fromId="32" toId="24">
</dataflow>
<dataflow id="163" from="transmitterReady" to="StgValue_24" fromId="33" toId="24">
</dataflow>
<dataflow id="164" from="Receiver_ssdm_thr" to="StgValue_1" fromId="11" toId="1">
</dataflow>
</dataflows>


</stg>
