<?xml version="1.0" encoding="UTF-8"?>
<vivadoHLSLog:LogRoot xmlns:vivadoHLSLog="www.xilinx.com/vivadoHLSLog">
  <errorLogs>
    <logs>
      <synLog/>
      <simLog/>
      <mgLog/>
      <packageLog/>
      <csimLog/>
    </logs>
  </errorLogs>
  <warningLogs>
    <logs>
      <synLog>
        <logs message="WARNING: [SCA 200-202] Port 'transmitterReady' has no reset." projectName="Communication_ip_core" solutionName="solution2" date="2021-01-02T20:37:07.390+0100" type="Warning"/>
        <logs message="WARNING: [SCA 200-202] Port 'outData' has no reset." projectName="Communication_ip_core" solutionName="solution2" date="2021-01-02T20:37:07.361+0100" type="Warning"/>
        <logs message="WARNING: [XFORM 203-561] 'Loop-1' (../Receiver.cpp:21:2) in function 'Receiver::receiverThread' is an infinite loop." projectName="Communication_ip_core" solutionName="solution2" date="2021-01-02T20:37:07.345+0100" type="Warning"/>
        <logs message="WARNING: [XFORM 203-561] 'Loop-1' (../Transmitter.cpp:24:2) in function 'Transmitter::transmitterThread' is an infinite loop." projectName="Communication_ip_core" solutionName="solution2" date="2021-01-02T20:37:07.026+0100" type="Warning"/>
        <logs message="WARNING: [HLS 200-41] Resource core 'AXI4LiteS' on port '&amp;outData' is deprecated. Please use the interface directive to specify the AXI interface." projectName="Communication_ip_core" solutionName="solution2" date="2021-01-02T20:36:31.164+0100" type="Warning"/>
        <logs message="WARNING: [HLS 200-41] Resource core 'AXI4LiteS' on port '&amp;inDataReady' is deprecated. Please use the interface directive to specify the AXI interface." projectName="Communication_ip_core" solutionName="solution2" date="2021-01-02T20:35:57.363+0100" type="Warning"/>
        <logs message="WARNING: [HLS 200-41] Resource core 'AXI4LiteS' on port '&amp;inData' is deprecated. Please use the interface directive to specify the AXI interface." projectName="Communication_ip_core" solutionName="solution2" date="2021-01-02T20:35:31.166+0100" type="Warning"/>
        <logs message="WARNING: [HLS 200-40] Cannot find library 'xilinx/null/null'." projectName="Communication_ip_core" solutionName="solution2" date="2021-01-02T20:35:22.574+0100" type="Warning"/>
        <logs message="WARNING: [HLS 200-40] Cannot find library 'D:/Programs/Xilinx/Vivado_HLS/2017.2/common/technology/xilinx/null/null.lib'." projectName="Communication_ip_core" solutionName="solution2" date="2021-01-02T20:35:22.180+0100" type="Warning"/>
        <logs message="WARNING: [SCA 200-202] Port 'receiverReady' has no reset." projectName="Communication_ip_core" solutionName="solution1" date="2021-01-02T20:13:14.854+0100" type="Warning"/>
        <logs message="WARNING: [SCA 200-202] Port 'outData' has no reset." projectName="Communication_ip_core" solutionName="solution1" date="2021-01-02T20:13:14.835+0100" type="Warning"/>
        <logs message="WARNING: [XFORM 203-561] 'Loop-1' (../Receiver.cpp:21:2) in function 'Receiver::receiverThread' is an infinite loop." projectName="Communication_ip_core" solutionName="solution1" date="2021-01-02T20:13:14.821+0100" type="Warning"/>
        <logs message="WARNING: [XFORM 203-561] 'Loop-1' (../Transmitter.cpp:24:2) in function 'Transmitter::transmitterThread' is an infinite loop." projectName="Communication_ip_core" solutionName="solution1" date="2021-01-02T20:13:14.526+0100" type="Warning"/>
        <logs message="WARNING: [HLS 200-41] Resource core 'AXI4LiteS' on port '&amp;outData' is deprecated. Please use the interface directive to specify the AXI interface." projectName="Communication_ip_core" solutionName="solution1" date="2021-01-02T20:12:40.186+0100" type="Warning"/>
        <logs message="WARNING: [HLS 200-41] Resource core 'AXI4LiteS' on port '&amp;inDataReady' is deprecated. Please use the interface directive to specify the AXI interface." projectName="Communication_ip_core" solutionName="solution1" date="2021-01-02T20:12:06.341+0100" type="Warning"/>
        <logs message="WARNING: [HLS 200-41] Resource core 'AXI4LiteS' on port '&amp;inData' is deprecated. Please use the interface directive to specify the AXI interface." projectName="Communication_ip_core" solutionName="solution1" date="2021-01-02T20:11:40.800+0100" type="Warning"/>
      </synLog>
      <simLog/>
      <mgLog/>
      <packageLog>
        <logs message="WARNING: [Route 35-198] Port &quot;inData[3]&quot; does not have an associated HD.PARTPIN_LOCS, which will prevent the partial routing of the signal &quot;inData[3]&quot;. Without this partial route, timing analysis to/from this port will not be accurate, and no routing information for this port can be exported.&#xD;&#xA;Phase 1 Build RT Design | Checksum: b3856069&#xD;&#xA;&#xD;&#xA;Time (s): cpu = 00:00:11 ; elapsed = 00:00:10 . Memory (MB): peak = 1033.223 ; gain = 69.859&#xD;&#xA;&#xD;&#xA;Phase 2 Router Initialization&#xD;&#xA;&#xD;&#xA;Phase 2.1 Create Timer&#xD;&#xA;Phase 2.1 Create Timer | Checksum: b3856069&#xD;&#xA;&#xD;&#xA;Time (s): cpu = 00:00:11 ; elapsed = 00:00:10 . Memory (MB): peak = 1033.223 ; gain = 69.859&#xD;&#xA;&#xD;&#xA;Phase 2.2 Fix Topology Constraints&#xD;&#xA;Phase 2.2 Fix Topology Constraints | Checksum: b3856069&#xD;&#xA;&#xD;&#xA;Time (s): cpu = 00:00:11 ; elapsed = 00:00:10 . Memory (MB): peak = 1038.387 ; gain = 75.023&#xD;&#xA;&#xD;&#xA;Phase 2.3 Pre Route Cleanup&#xD;&#xA;Phase 2.3 Pre Route Cleanup | Checksum: b3856069&#xD;&#xA;&#xD;&#xA;Time (s): cpu = 00:00:11 ; elapsed = 00:00:10 . Memory (MB): peak = 1038.387 ; gain = 75.023&#xD;&#xA; Number of Nodes with overlaps = 0&#xD;&#xA;&#xD;&#xA;Phase 2.4 Update Timing&#xD;&#xA;Phase 2.4 Update Timing | Checksum: fc2c45d4&#xD;&#xA;&#xD;&#xA;Time (s): cpu = 00:00:11 ; elapsed = 00:00:10 . Memory (MB): peak = 1038.785 ; gain = 75.422" projectName="Communication_ip_core" solutionName="solution2" date="2021-01-02T20:39:02.068+0100" type="Warning"/>
        <logs message="WARNING: [Route 35-198] Port &quot;inData[2]&quot; does not have an associated HD.PARTPIN_LOCS, which will prevent the partial routing of the signal &quot;inData[2]&quot;. Without this partial route, timing analysis to/from this port will not be accurate, and no routing information for this port can be exported." projectName="Communication_ip_core" solutionName="solution2" date="2021-01-02T20:38:52.099+0100" type="Warning"/>
        <logs message="WARNING: [Route 35-198] Port &quot;inData[1]&quot; does not have an associated HD.PARTPIN_LOCS, which will prevent the partial routing of the signal &quot;inData[1]&quot;. Without this partial route, timing analysis to/from this port will not be accurate, and no routing information for this port can be exported." projectName="Communication_ip_core" solutionName="solution2" date="2021-01-02T20:38:52.087+0100" type="Warning"/>
        <logs message="WARNING: [Route 35-198] Port &quot;inData[0]&quot; does not have an associated HD.PARTPIN_LOCS, which will prevent the partial routing of the signal &quot;inData[0]&quot;. Without this partial route, timing analysis to/from this port will not be accurate, and no routing information for this port can be exported." projectName="Communication_ip_core" solutionName="solution2" date="2021-01-02T20:38:52.075+0100" type="Warning"/>
        <logs message="WARNING: [Route 35-198] Port &quot;inReset&quot; does not have an associated HD.PARTPIN_LOCS, which will prevent the partial routing of the signal &quot;inReset&quot;. Without this partial route, timing analysis to/from this port will not be accurate, and no routing information for this port can be exported." projectName="Communication_ip_core" solutionName="solution2" date="2021-01-02T20:38:52.061+0100" type="Warning"/>
        <logs message="WARNING: [Route 35-198] Port &quot;inDataReady&quot; does not have an associated HD.PARTPIN_LOCS, which will prevent the partial routing of the signal &quot;inDataReady&quot;. Without this partial route, timing analysis to/from this port will not be accurate, and no routing information for this port can be exported." projectName="Communication_ip_core" solutionName="solution2" date="2021-01-02T20:38:52.048+0100" type="Warning"/>
        <logs message="WARNING: [Route 35-198] Port &quot;receiverReady&quot; does not have an associated HD.PARTPIN_LOCS, which will prevent the partial routing of the signal &quot;receiverReady&quot;. Without this partial route, timing analysis to/from this port will not be accurate, and no routing information for this port can be exported." projectName="Communication_ip_core" solutionName="solution2" date="2021-01-02T20:38:52.031+0100" type="Warning"/>
        <logs message="WARNING: [Synth 8-3332] Sequential element (grp_Transmitter_transmitterThread_fu_68/ap_CS_fsm_reg[0]) is unused and will be removed from module Transmitter.&#xD;&#xA;---------------------------------------------------------------------------------&#xD;&#xA;Finished Cross Boundary and Area Optimization : Time (s): cpu = 00:00:14 ; elapsed = 00:00:14 . Memory (MB): peak = 632.824 ; gain = 410.566&#xD;&#xA;---------------------------------------------------------------------------------&#xD;&#xA;&#xD;&#xA;Report RTL Partitions: &#xD;&#xA;+-+--------------+------------+----------+&#xD;&#xA;| |RTL Partition |Replication |Instances |&#xD;&#xA;+-+--------------+------------+----------+&#xD;&#xA;+-+--------------+------------+----------+&#xD;&#xA;---------------------------------------------------------------------------------&#xD;&#xA;Start Applying XDC Timing Constraints&#xD;&#xA;---------------------------------------------------------------------------------&#xD;&#xA;---------------------------------------------------------------------------------&#xD;&#xA;Finished Applying XDC Timing Constraints : Time (s): cpu = 00:00:22 ; elapsed = 00:00:22 . Memory (MB): peak = 632.824 ; gain = 410.566&#xD;&#xA;---------------------------------------------------------------------------------&#xD;&#xA;---------------------------------------------------------------------------------&#xD;&#xA;Start Timing Optimization&#xD;&#xA;---------------------------------------------------------------------------------&#xD;&#xA;---------------------------------------------------------------------------------&#xD;&#xA;Finished Timing Optimization : Time (s): cpu = 00:00:22 ; elapsed = 00:00:22 . Memory (MB): peak = 632.824 ; gain = 410.566&#xD;&#xA;---------------------------------------------------------------------------------&#xD;&#xA;&#xD;&#xA;Report RTL Partitions: &#xD;&#xA;+-+--------------+------------+----------+&#xD;&#xA;| |RTL Partition |Replication |Instances |&#xD;&#xA;+-+--------------+------------+----------+&#xD;&#xA;+-+--------------+------------+----------+&#xD;&#xA;---------------------------------------------------------------------------------&#xD;&#xA;Start Technology Mapping&#xD;&#xA;---------------------------------------------------------------------------------&#xD;&#xA;---------------------------------------------------------------------------------&#xD;&#xA;Finished Technology Mapping : Time (s): cpu = 00:00:22 ; elapsed = 00:00:23 . Memory (MB): peak = 632.824 ; gain = 410.566&#xD;&#xA;---------------------------------------------------------------------------------&#xD;&#xA;&#xD;&#xA;Report RTL Partitions: &#xD;&#xA;+-+--------------+------------+----------+&#xD;&#xA;| |RTL Partition |Replication |Instances |&#xD;&#xA;+-+--------------+------------+----------+&#xD;&#xA;+-+--------------+------------+----------+&#xD;&#xA;---------------------------------------------------------------------------------&#xD;&#xA;Start IO Insertion&#xD;&#xA;---------------------------------------------------------------------------------&#xD;&#xA;---------------------------------------------------------------------------------&#xD;&#xA;Start Flattening Before IO Insertion&#xD;&#xA;---------------------------------------------------------------------------------&#xD;&#xA;---------------------------------------------------------------------------------&#xD;&#xA;Finished Flattening Before IO Insertion&#xD;&#xA;---------------------------------------------------------------------------------&#xD;&#xA;---------------------------------------------------------------------------------&#xD;&#xA;Start Final Netlist Cleanup&#xD;&#xA;---------------------------------------------------------------------------------&#xD;&#xA;---------------------------------------------------------------------------------&#xD;&#xA;Finished Final Netlist Cleanup&#xD;&#xA;---------------------------------------------------------------------------------&#xD;&#xA;---------------------------------------------------------------------------------&#xD;&#xA;Finished IO Insertion : Time (s): cpu = 00:00:23 ; elapsed = 00:00:23 . Memory (MB): peak = 632.824 ; gain = 410.566&#xD;&#xA;---------------------------------------------------------------------------------&#xD;&#xA;&#xD;&#xA;Report Check Netlist: &#xD;&#xA;+------+------------------+-------+---------+-------+------------------+&#xD;&#xA;|      |Item              |Errors |Warnings |Status |Description       |&#xD;&#xA;+------+------------------+-------+---------+-------+------------------+&#xD;&#xA;|1     |multi_driven_nets |      0|        0|Passed |Multi driven nets |&#xD;&#xA;+------+------------------+-------+---------+-------+------------------+&#xD;&#xA;---------------------------------------------------------------------------------&#xD;&#xA;Start Renaming Generated Instances&#xD;&#xA;---------------------------------------------------------------------------------&#xD;&#xA;---------------------------------------------------------------------------------&#xD;&#xA;Finished Renaming Generated Instances : Time (s): cpu = 00:00:23 ; elapsed = 00:00:23 . Memory (MB): peak = 632.824 ; gain = 410.566&#xD;&#xA;---------------------------------------------------------------------------------&#xD;&#xA;&#xD;&#xA;Report RTL Partitions: &#xD;&#xA;+-+--------------+------------+----------+&#xD;&#xA;| |RTL Partition |Replication |Instances |&#xD;&#xA;+-+--------------+------------+----------+&#xD;&#xA;+-+--------------+------------+----------+&#xD;&#xA;---------------------------------------------------------------------------------&#xD;&#xA;Start Rebuilding User Hierarchy&#xD;&#xA;---------------------------------------------------------------------------------&#xD;&#xA;---------------------------------------------------------------------------------&#xD;&#xA;Finished Rebuilding User Hierarchy : Time (s): cpu = 00:00:23 ; elapsed = 00:00:23 . Memory (MB): peak = 632.824 ; gain = 410.566&#xD;&#xA;---------------------------------------------------------------------------------&#xD;&#xA;---------------------------------------------------------------------------------&#xD;&#xA;Start Renaming Generated Ports&#xD;&#xA;---------------------------------------------------------------------------------&#xD;&#xA;---------------------------------------------------------------------------------&#xD;&#xA;Finished Renaming Generated Ports : Time (s): cpu = 00:00:23 ; elapsed = 00:00:23 . Memory (MB): peak = 632.824 ; gain = 410.566&#xD;&#xA;---------------------------------------------------------------------------------&#xD;&#xA;---------------------------------------------------------------------------------&#xD;&#xA;Start Handling Custom Attributes&#xD;&#xA;---------------------------------------------------------------------------------&#xD;&#xA;---------------------------------------------------------------------------------&#xD;&#xA;Finished Handling Custom Attributes : Time (s): cpu = 00:00:23 ; elapsed = 00:00:23 . Memory (MB): peak = 632.824 ; gain = 410.566&#xD;&#xA;---------------------------------------------------------------------------------&#xD;&#xA;---------------------------------------------------------------------------------&#xD;&#xA;Start Renaming Generated Nets&#xD;&#xA;---------------------------------------------------------------------------------&#xD;&#xA;---------------------------------------------------------------------------------&#xD;&#xA;Finished Renaming Generated Nets : Time (s): cpu = 00:00:23 ; elapsed = 00:00:23 . Memory (MB): peak = 632.824 ; gain = 410.566&#xD;&#xA;---------------------------------------------------------------------------------&#xD;&#xA;---------------------------------------------------------------------------------&#xD;&#xA;Start Writing Synthesis Report&#xD;&#xA;---------------------------------------------------------------------------------&#xD;&#xA;&#xD;&#xA;Report BlackBoxes: &#xD;&#xA;+-+--------------+----------+&#xD;&#xA;| |BlackBox name |Instances |&#xD;&#xA;+-+--------------+----------+&#xD;&#xA;+-+--------------+----------+&#xD;&#xA;&#xD;&#xA;Report Cell Usage: &#xD;&#xA;+------+-----+------+&#xD;&#xA;|      |Cell |Count |&#xD;&#xA;+------+-----+------+&#xD;&#xA;|1     |LUT2 |     3|&#xD;&#xA;|2     |LUT3 |     1|&#xD;&#xA;|3     |LUT4 |     2|&#xD;&#xA;|4     |LUT5 |     1|&#xD;&#xA;|5     |FDRE |    12|&#xD;&#xA;|6     |FDSE |     1|&#xD;&#xA;+------+-----+------+&#xD;&#xA;&#xD;&#xA;Report Instance Areas: &#xD;&#xA;+------+------------------------------------------+------------------------------+------+&#xD;&#xA;|      |Instance                                  |Module                        |Cells |&#xD;&#xA;+------+------------------------------------------+------------------------------+------+&#xD;&#xA;|1     |top                                       |                              |    20|&#xD;&#xA;|2     |  grp_Transmitter_transmitterThread_fu_68 |Transmitter_transmitterThread |    15|&#xD;&#xA;+------+------------------------------------------+------------------------------+------+&#xD;&#xA;---------------------------------------------------------------------------------&#xD;&#xA;Finished Writing Synthesis Report : Time (s): cpu = 00:00:23 ; elapsed = 00:00:23 . Memory (MB): peak = 632.824 ; gain = 410.566&#xD;&#xA;---------------------------------------------------------------------------------&#xD;&#xA;Synthesis finished with 0 errors, 0 critical warnings and 1 warnings.&#xD;&#xA;Synthesis Optimization Runtime : Time (s): cpu = 00:00:13 ; elapsed = 00:00:17 . Memory (MB): peak = 632.824 ; gain = 120.129&#xD;&#xA;Synthesis Optimization Complete : Time (s): cpu = 00:00:23 ; elapsed = 00:00:23 . Memory (MB): peak = 632.824 ; gain = 410.566" projectName="Communication_ip_core" solutionName="solution2" date="2021-01-02T20:38:00.955+0100" type="Warning"/>
        <logs message="WARNING: [HLS 200-40] Cannot find library 'xilinx/null/null'." projectName="Communication_ip_core" solutionName="solution2" date="2021-01-02T20:37:19.097+0100" type="Warning"/>
        <logs message="WARNING: [HLS 200-40] Cannot find library 'D:/Programs/Xilinx/Vivado_HLS/2017.2/common/technology/xilinx/null/null.lib'." projectName="Communication_ip_core" solutionName="solution2" date="2021-01-02T20:37:18.886+0100" type="Warning"/>
        <logs message="WARNING: [Route 35-198] Port &quot;inData[3]&quot; does not have an associated HD.PARTPIN_LOCS, which will prevent the partial routing of the signal &quot;inData[3]&quot;. Without this partial route, timing analysis to/from this port will not be accurate, and no routing information for this port can be exported.&#xD;&#xA;Phase 1 Build RT Design | Checksum: e596458f&#xD;&#xA;&#xD;&#xA;Time (s): cpu = 00:00:10 ; elapsed = 00:00:09 . Memory (MB): peak = 1037.555 ; gain = 69.859&#xD;&#xA;&#xD;&#xA;Phase 2 Router Initialization&#xD;&#xA;&#xD;&#xA;Phase 2.1 Create Timer&#xD;&#xA;Phase 2.1 Create Timer | Checksum: e596458f&#xD;&#xA;&#xD;&#xA;Time (s): cpu = 00:00:10 ; elapsed = 00:00:09 . Memory (MB): peak = 1037.555 ; gain = 69.859&#xD;&#xA;&#xD;&#xA;Phase 2.2 Fix Topology Constraints&#xD;&#xA;Phase 2.2 Fix Topology Constraints | Checksum: e596458f&#xD;&#xA;&#xD;&#xA;Time (s): cpu = 00:00:10 ; elapsed = 00:00:09 . Memory (MB): peak = 1041.973 ; gain = 74.277&#xD;&#xA;&#xD;&#xA;Phase 2.3 Pre Route Cleanup&#xD;&#xA;Phase 2.3 Pre Route Cleanup | Checksum: e596458f&#xD;&#xA;&#xD;&#xA;Time (s): cpu = 00:00:10 ; elapsed = 00:00:09 . Memory (MB): peak = 1041.973 ; gain = 74.277&#xD;&#xA; Number of Nodes with overlaps = 0&#xD;&#xA;&#xD;&#xA;Phase 2.4 Update Timing&#xD;&#xA;Phase 2.4 Update Timing | Checksum: 168c0b2ff&#xD;&#xA;&#xD;&#xA;Time (s): cpu = 00:00:10 ; elapsed = 00:00:09 . Memory (MB): peak = 1042.758 ; gain = 75.063" projectName="Communication_ip_core" solutionName="solution1" date="2021-01-02T20:15:29.342+0100" type="Warning"/>
        <logs message="WARNING: [Route 35-198] Port &quot;inData[2]&quot; does not have an associated HD.PARTPIN_LOCS, which will prevent the partial routing of the signal &quot;inData[2]&quot;. Without this partial route, timing analysis to/from this port will not be accurate, and no routing information for this port can be exported." projectName="Communication_ip_core" solutionName="solution1" date="2021-01-02T20:15:19.325+0100" type="Warning"/>
        <logs message="WARNING: [Route 35-198] Port &quot;inData[1]&quot; does not have an associated HD.PARTPIN_LOCS, which will prevent the partial routing of the signal &quot;inData[1]&quot;. Without this partial route, timing analysis to/from this port will not be accurate, and no routing information for this port can be exported." projectName="Communication_ip_core" solutionName="solution1" date="2021-01-02T20:15:19.314+0100" type="Warning"/>
        <logs message="WARNING: [Route 35-198] Port &quot;inData[0]&quot; does not have an associated HD.PARTPIN_LOCS, which will prevent the partial routing of the signal &quot;inData[0]&quot;. Without this partial route, timing analysis to/from this port will not be accurate, and no routing information for this port can be exported." projectName="Communication_ip_core" solutionName="solution1" date="2021-01-02T20:15:19.304+0100" type="Warning"/>
        <logs message="WARNING: [Route 35-198] Port &quot;transmitterReady&quot; does not have an associated HD.PARTPIN_LOCS, which will prevent the partial routing of the signal &quot;transmitterReady&quot;. Without this partial route, timing analysis to/from this port will not be accurate, and no routing information for this port can be exported." projectName="Communication_ip_core" solutionName="solution1" date="2021-01-02T20:15:19.293+0100" type="Warning"/>
        <logs message="WARNING: [Route 35-198] Port &quot;inReset&quot; does not have an associated HD.PARTPIN_LOCS, which will prevent the partial routing of the signal &quot;inReset&quot;. Without this partial route, timing analysis to/from this port will not be accurate, and no routing information for this port can be exported." projectName="Communication_ip_core" solutionName="solution1" date="2021-01-02T20:15:19.281+0100" type="Warning"/>
        <logs message="WARNING: [Synth 8-3332] Sequential element (grp_Receiver_receiverThread_fu_64/ap_CS_fsm_reg[0]) is unused and will be removed from module Receiver.&#xD;&#xA;---------------------------------------------------------------------------------&#xD;&#xA;Finished Cross Boundary and Area Optimization : Time (s): cpu = 00:00:13 ; elapsed = 00:00:13 . Memory (MB): peak = 619.957 ; gain = 397.930&#xD;&#xA;---------------------------------------------------------------------------------&#xD;&#xA;&#xD;&#xA;Report RTL Partitions: &#xD;&#xA;+-+--------------+------------+----------+&#xD;&#xA;| |RTL Partition |Replication |Instances |&#xD;&#xA;+-+--------------+------------+----------+&#xD;&#xA;+-+--------------+------------+----------+&#xD;&#xA;---------------------------------------------------------------------------------&#xD;&#xA;Start Applying XDC Timing Constraints&#xD;&#xA;---------------------------------------------------------------------------------&#xD;&#xA;---------------------------------------------------------------------------------&#xD;&#xA;Finished Applying XDC Timing Constraints : Time (s): cpu = 00:00:21 ; elapsed = 00:00:21 . Memory (MB): peak = 619.957 ; gain = 397.930&#xD;&#xA;---------------------------------------------------------------------------------&#xD;&#xA;---------------------------------------------------------------------------------&#xD;&#xA;Start Timing Optimization&#xD;&#xA;---------------------------------------------------------------------------------&#xD;&#xA;---------------------------------------------------------------------------------&#xD;&#xA;Finished Timing Optimization : Time (s): cpu = 00:00:21 ; elapsed = 00:00:21 . Memory (MB): peak = 619.957 ; gain = 397.930&#xD;&#xA;---------------------------------------------------------------------------------&#xD;&#xA;&#xD;&#xA;Report RTL Partitions: &#xD;&#xA;+-+--------------+------------+----------+&#xD;&#xA;| |RTL Partition |Replication |Instances |&#xD;&#xA;+-+--------------+------------+----------+&#xD;&#xA;+-+--------------+------------+----------+&#xD;&#xA;---------------------------------------------------------------------------------&#xD;&#xA;Start Technology Mapping&#xD;&#xA;---------------------------------------------------------------------------------&#xD;&#xA;---------------------------------------------------------------------------------&#xD;&#xA;Finished Technology Mapping : Time (s): cpu = 00:00:21 ; elapsed = 00:00:21 . Memory (MB): peak = 626.285 ; gain = 404.258&#xD;&#xA;---------------------------------------------------------------------------------&#xD;&#xA;&#xD;&#xA;Report RTL Partitions: &#xD;&#xA;+-+--------------+------------+----------+&#xD;&#xA;| |RTL Partition |Replication |Instances |&#xD;&#xA;+-+--------------+------------+----------+&#xD;&#xA;+-+--------------+------------+----------+&#xD;&#xA;---------------------------------------------------------------------------------&#xD;&#xA;Start IO Insertion&#xD;&#xA;---------------------------------------------------------------------------------&#xD;&#xA;---------------------------------------------------------------------------------&#xD;&#xA;Start Flattening Before IO Insertion&#xD;&#xA;---------------------------------------------------------------------------------&#xD;&#xA;---------------------------------------------------------------------------------&#xD;&#xA;Finished Flattening Before IO Insertion&#xD;&#xA;---------------------------------------------------------------------------------&#xD;&#xA;---------------------------------------------------------------------------------&#xD;&#xA;Start Final Netlist Cleanup&#xD;&#xA;---------------------------------------------------------------------------------&#xD;&#xA;---------------------------------------------------------------------------------&#xD;&#xA;Finished Final Netlist Cleanup&#xD;&#xA;---------------------------------------------------------------------------------&#xD;&#xA;---------------------------------------------------------------------------------&#xD;&#xA;Finished IO Insertion : Time (s): cpu = 00:00:22 ; elapsed = 00:00:22 . Memory (MB): peak = 626.285 ; gain = 404.258&#xD;&#xA;---------------------------------------------------------------------------------&#xD;&#xA;&#xD;&#xA;Report Check Netlist: &#xD;&#xA;+------+------------------+-------+---------+-------+------------------+&#xD;&#xA;|      |Item              |Errors |Warnings |Status |Description       |&#xD;&#xA;+------+------------------+-------+---------+-------+------------------+&#xD;&#xA;|1     |multi_driven_nets |      0|        0|Passed |Multi driven nets |&#xD;&#xA;+------+------------------+-------+---------+-------+------------------+&#xD;&#xA;---------------------------------------------------------------------------------&#xD;&#xA;Start Renaming Generated Instances&#xD;&#xA;---------------------------------------------------------------------------------&#xD;&#xA;---------------------------------------------------------------------------------&#xD;&#xA;Finished Renaming Generated Instances : Time (s): cpu = 00:00:22 ; elapsed = 00:00:22 . Memory (MB): peak = 626.285 ; gain = 404.258&#xD;&#xA;---------------------------------------------------------------------------------&#xD;&#xA;&#xD;&#xA;Report RTL Partitions: &#xD;&#xA;+-+--------------+------------+----------+&#xD;&#xA;| |RTL Partition |Replication |Instances |&#xD;&#xA;+-+--------------+------------+----------+&#xD;&#xA;+-+--------------+------------+----------+&#xD;&#xA;---------------------------------------------------------------------------------&#xD;&#xA;Start Rebuilding User Hierarchy&#xD;&#xA;---------------------------------------------------------------------------------&#xD;&#xA;---------------------------------------------------------------------------------&#xD;&#xA;Finished Rebuilding User Hierarchy : Time (s): cpu = 00:00:22 ; elapsed = 00:00:22 . Memory (MB): peak = 626.285 ; gain = 404.258&#xD;&#xA;---------------------------------------------------------------------------------&#xD;&#xA;---------------------------------------------------------------------------------&#xD;&#xA;Start Renaming Generated Ports&#xD;&#xA;---------------------------------------------------------------------------------&#xD;&#xA;---------------------------------------------------------------------------------&#xD;&#xA;Finished Renaming Generated Ports : Time (s): cpu = 00:00:22 ; elapsed = 00:00:22 . Memory (MB): peak = 626.285 ; gain = 404.258&#xD;&#xA;---------------------------------------------------------------------------------&#xD;&#xA;---------------------------------------------------------------------------------&#xD;&#xA;Start Handling Custom Attributes&#xD;&#xA;---------------------------------------------------------------------------------&#xD;&#xA;---------------------------------------------------------------------------------&#xD;&#xA;Finished Handling Custom Attributes : Time (s): cpu = 00:00:22 ; elapsed = 00:00:22 . Memory (MB): peak = 626.285 ; gain = 404.258&#xD;&#xA;---------------------------------------------------------------------------------&#xD;&#xA;---------------------------------------------------------------------------------&#xD;&#xA;Start Renaming Generated Nets&#xD;&#xA;---------------------------------------------------------------------------------&#xD;&#xA;---------------------------------------------------------------------------------&#xD;&#xA;Finished Renaming Generated Nets : Time (s): cpu = 00:00:22 ; elapsed = 00:00:22 . Memory (MB): peak = 626.285 ; gain = 404.258&#xD;&#xA;---------------------------------------------------------------------------------&#xD;&#xA;---------------------------------------------------------------------------------&#xD;&#xA;Start Writing Synthesis Report&#xD;&#xA;---------------------------------------------------------------------------------&#xD;&#xA;&#xD;&#xA;Report BlackBoxes: &#xD;&#xA;+-+--------------+----------+&#xD;&#xA;| |BlackBox name |Instances |&#xD;&#xA;+-+--------------+----------+&#xD;&#xA;+-+--------------+----------+&#xD;&#xA;&#xD;&#xA;Report Cell Usage: &#xD;&#xA;+------+-----+------+&#xD;&#xA;|      |Cell |Count |&#xD;&#xA;+------+-----+------+&#xD;&#xA;|1     |LUT2 |     2|&#xD;&#xA;|2     |LUT3 |     1|&#xD;&#xA;|3     |LUT4 |     2|&#xD;&#xA;|4     |FDRE |     8|&#xD;&#xA;+------+-----+------+&#xD;&#xA;&#xD;&#xA;Report Instance Areas: &#xD;&#xA;+------+------------------------------------+------------------------+------+&#xD;&#xA;|      |Instance                            |Module                  |Cells |&#xD;&#xA;+------+------------------------------------+------------------------+------+&#xD;&#xA;|1     |top                                 |                        |    13|&#xD;&#xA;|2     |  grp_Receiver_receiverThread_fu_64 |Receiver_receiverThread |     8|&#xD;&#xA;+------+------------------------------------+------------------------+------+&#xD;&#xA;---------------------------------------------------------------------------------&#xD;&#xA;Finished Writing Synthesis Report : Time (s): cpu = 00:00:22 ; elapsed = 00:00:22 . Memory (MB): peak = 626.285 ; gain = 404.258&#xD;&#xA;---------------------------------------------------------------------------------&#xD;&#xA;Synthesis finished with 0 errors, 0 critical warnings and 1 warnings.&#xD;&#xA;Synthesis Optimization Runtime : Time (s): cpu = 00:00:13 ; elapsed = 00:00:17 . Memory (MB): peak = 626.285 ; gain = 126.844&#xD;&#xA;Synthesis Optimization Complete : Time (s): cpu = 00:00:22 ; elapsed = 00:00:22 . Memory (MB): peak = 626.285 ; gain = 404.258" projectName="Communication_ip_core" solutionName="solution1" date="2021-01-02T20:14:33.379+0100" type="Warning"/>
      </packageLog>
      <csimLog>
        <logs message="WARNING: [HLS 200-40] Cannot find library 'xilinx/null/null'." projectName="Communication_ip_core" solutionName="solution2" date="2021-01-02T23:10:40.770+0100" type="Warning"/>
        <logs message="WARNING: [HLS 200-40] Cannot find library 'D:/Programs/Xilinx/Vivado_HLS/2017.2/common/technology/xilinx/null/null.lib'." projectName="Communication_ip_core" solutionName="solution2" date="2021-01-02T23:10:40.439+0100" type="Warning"/>
        <logs message="WARNING: [HLS 200-40] Cannot find library 'xilinx/null/null'." projectName="Communication_ip_core" solutionName="solution2" date="2021-01-02T21:36:24.321+0100" type="Warning"/>
        <logs message="WARNING: [HLS 200-40] Cannot find library 'D:/Programs/Xilinx/Vivado_HLS/2017.2/common/technology/xilinx/null/null.lib'." projectName="Communication_ip_core" solutionName="solution2" date="2021-01-02T21:36:24.071+0100" type="Warning"/>
      </csimLog>
    </logs>
  </warningLogs>
</vivadoHLSLog:LogRoot>
