<?xml version="1.0" encoding="UTF-8"?>
<GenRun Id="synth_1" LaunchPart="xc7z010clg400-1" LaunchTime="1609616250">
  <File Type="RDS-PROPCONSTRS" Name="Transmitter_drc_synth.rpt"/>
  <File Type="PA-TCL" Name="Transmitter.tcl"/>
  <File Type="RDS-RDS" Name="Transmitter.vds"/>
  <File Type="RDS-UTIL" Name="Transmitter_utilization_synth.rpt"/>
  <File Type="RDS-UTIL-PB" Name="Transmitter_utilization_synth.pb"/>
  <File Type="RDS-DCP" Name="Transmitter.dcp"/>
  <File Type="VDS-TIMINGSUMMARY" Name="Transmitter_timing_summary_synth.rpt"/>
  <File Type="VDS-TIMING-PB" Name="Transmitter_timing_summary_synth.pb"/>
  <FileSet Name="sources" Type="DesignSrcs" RelSrcDir="$PSRCDIR/sources_1">
    <Filter Type="Srcs"/>
    <File Path="$PPRDIR/Transmitter.vhd">
      <FileInfo>
        <Attr Name="UsedIn" Val="synthesis"/>
        <Attr Name="UsedIn" Val="simulation"/>
      </FileInfo>
    </File>
    <File Path="$PPRDIR/Transmitter_transmitterThread.vhd">
      <FileInfo>
        <Attr Name="UsedIn" Val="synthesis"/>
        <Attr Name="UsedIn" Val="simulation"/>
      </FileInfo>
    </File>
    <Config>
      <Option Name="DesignMode" Val="RTL"/>
      <Option Name="TopModule" Val="Transmitter"/>
      <Option Name="TopAutoSet" Val="TRUE"/>
    </Config>
  </FileSet>
  <FileSet Name="constrs_in" Type="Constrs" RelSrcDir="$PSRCDIR/constrs_1">
    <Filter Type="Constrs"/>
    <File Path="$PPRDIR/Transmitter.xdc">
      <FileInfo>
        <Attr Name="UsedIn" Val="synthesis"/>
        <Attr Name="UsedIn" Val="implementation"/>
      </FileInfo>
    </File>
    <Config>
      <Option Name="ConstrsType" Val="XDC"/>
    </Config>
  </FileSet>
  <Strategy Version="1" Minor="2">
    <StratHandle Name="Vivado Synthesis Defaults" Flow="Vivado Synthesis 2017">
      <Desc>Vivado Synthesis Defaults</Desc>
    </StratHandle>
    <Step Id="synth_design">
      <Option Id="MoreOptsStr"><![CDATA[-no_iobuf -mode out_of_context]]></Option>
    </Step>
  </Strategy>
</GenRun>
