<stg><name>Transmitter::Transmitter</name>


<trans_list>

<trans id="29" from="1" to="2">
<condition id="6">
<or_exp><and_exp><literal name="Transmitter_ssdm_s" val="1"/>
</and_exp></or_exp>
</condition>
</trans>
</trans_list>



<state_list>

<state id="1" st_id="1">

<operation id="3" st_id="1" stage="1" lat="1">
<core>NULL</core>
<MemPortIdVec></MemPortIdVec>
<condition id="0">
<or_exp><and_exp></and_exp></or_exp>
</condition>

<Node id="9" bw="0" op_0_bw="0" op_1_bw="1" op_2_bw="0" op_3_bw="0" op_4_bw="0" op_5_bw="32" op_6_bw="0" op_7_bw="0" op_8_bw="0" op_9_bw="0" op_10_bw="0">
<![CDATA[
:0  call void (...)* @_ssdm_op_SpecIFCore(i1* %inDataReady, [1 x i8]* @p_str12, [10 x i8]* @p_str14, [1 x i8]* @p_str12, i32 -1, [1 x i8]* @p_str12, [1 x i8]* @p_str12, [1 x i8]* @p_str12, [1 x i8]* @p_str12, [17 x i8]* @p_str15)

]]></Node>
<StgValue><ssdm name=""/></StgValue>
</operation>

<operation id="4" st_id="1" stage="1" lat="1">
<core>NULL</core>
<MemPortIdVec></MemPortIdVec>
<condition id="0">
<or_exp><and_exp></and_exp></or_exp>
</condition>

<Node id="10" bw="0" op_0_bw="0" op_1_bw="4" op_2_bw="0" op_3_bw="0" op_4_bw="0" op_5_bw="32" op_6_bw="0" op_7_bw="0" op_8_bw="0" op_9_bw="0" op_10_bw="0">
<![CDATA[
:1  call void (...)* @_ssdm_op_SpecIFCore(i4* %inData, [1 x i8]* @p_str12, [10 x i8]* @p_str14, [1 x i8]* @p_str12, i32 -1, [1 x i8]* @p_str12, [1 x i8]* @p_str12, [1 x i8]* @p_str12, [1 x i8]* @p_str12, [17 x i8]* @p_str15)

]]></Node>
<StgValue><ssdm name=""/></StgValue>
</operation>

<operation id="5" st_id="1" stage="1" lat="1">
<core>NULL</core>
<MemPortIdVec></MemPortIdVec>
<condition id="0">
<or_exp><and_exp></and_exp></or_exp>
</condition>

<Node id="11" bw="0" op_0_bw="0" op_1_bw="1">
<![CDATA[
:2  call void (...)* @_ssdm_op_SpecBitsMap(i1* %inClk), !map !164

]]></Node>
<StgValue><ssdm name=""/></StgValue>
</operation>

<operation id="6" st_id="1" stage="1" lat="1">
<core>NULL</core>
<MemPortIdVec></MemPortIdVec>
<condition id="0">
<or_exp><and_exp></and_exp></or_exp>
</condition>

<Node id="12" bw="0" op_0_bw="0" op_1_bw="1">
<![CDATA[
:3  call void (...)* @_ssdm_op_SpecBitsMap(i1* %inReset), !map !168

]]></Node>
<StgValue><ssdm name=""/></StgValue>
</operation>

<operation id="7" st_id="1" stage="1" lat="1">
<core>NULL</core>
<MemPortIdVec></MemPortIdVec>
<condition id="0">
<or_exp><and_exp></and_exp></or_exp>
</condition>

<Node id="13" bw="0" op_0_bw="0" op_1_bw="4">
<![CDATA[
:4  call void (...)* @_ssdm_op_SpecBitsMap(i4* %inData), !map !172

]]></Node>
<StgValue><ssdm name=""/></StgValue>
</operation>

<operation id="8" st_id="1" stage="1" lat="1">
<core>NULL</core>
<MemPortIdVec></MemPortIdVec>
<condition id="0">
<or_exp><and_exp></and_exp></or_exp>
</condition>

<Node id="14" bw="0" op_0_bw="0" op_1_bw="4">
<![CDATA[
:5  call void (...)* @_ssdm_op_SpecBitsMap(i4* %outData), !map !176

]]></Node>
<StgValue><ssdm name=""/></StgValue>
</operation>

<operation id="9" st_id="1" stage="1" lat="1">
<core>NULL</core>
<MemPortIdVec></MemPortIdVec>
<condition id="0">
<or_exp><and_exp></and_exp></or_exp>
</condition>

<Node id="15" bw="0" op_0_bw="0" op_1_bw="1">
<![CDATA[
:6  call void (...)* @_ssdm_op_SpecBitsMap(i1* %inDataReady), !map !180

]]></Node>
<StgValue><ssdm name=""/></StgValue>
</operation>

<operation id="10" st_id="1" stage="1" lat="1">
<core>NULL</core>
<MemPortIdVec></MemPortIdVec>
<condition id="0">
<or_exp><and_exp></and_exp></or_exp>
</condition>

<Node id="16" bw="0" op_0_bw="0" op_1_bw="1">
<![CDATA[
:7  call void (...)* @_ssdm_op_SpecBitsMap(i1* %transmitterReady), !map !184

]]></Node>
<StgValue><ssdm name=""/></StgValue>
</operation>

<operation id="11" st_id="1" stage="1" lat="1">
<core>NULL</core>
<MemPortIdVec></MemPortIdVec>
<condition id="0">
<or_exp><and_exp></and_exp></or_exp>
</condition>

<Node id="17" bw="0" op_0_bw="0" op_1_bw="1">
<![CDATA[
:8  call void (...)* @_ssdm_op_SpecBitsMap(i1* %receiverReady), !map !188

]]></Node>
<StgValue><ssdm name=""/></StgValue>
</operation>

<operation id="12" st_id="1" stage="1" lat="1">
<core>NULL</core>
<MemPortIdVec></MemPortIdVec>
<condition id="0">
<or_exp><and_exp></and_exp></or_exp>
</condition>

<Node id="18" bw="0" op_0_bw="0" op_1_bw="0" op_2_bw="0">
<![CDATA[
:9  call void (...)* @_ssdm_op_SpecTopModule([12 x i8]* @p_str, [12 x i8]* @p_str) nounwind

]]></Node>
<StgValue><ssdm name=""/></StgValue>
</operation>

<operation id="13" st_id="1" stage="1" lat="1">
<core>NULL</core>
<MemPortIdVec></MemPortIdVec>
<condition id="0">
<or_exp><and_exp></and_exp></or_exp>
</condition>

<Node id="19" bw="1" op_0_bw="1">
<![CDATA[
:10  %Transmitter_ssdm_s = load i1* @Transmitter_ssdm_thread_M_transmitterThread, align 1

]]></Node>
<StgValue><ssdm name="Transmitter_ssdm_s"/></StgValue>
</operation>

<operation id="14" st_id="1" stage="1" lat="1">
<core>NULL</core>
<MemPortIdVec></MemPortIdVec>
<condition id="0">
<or_exp><and_exp></and_exp></or_exp>
</condition>

<Node id="20" bw="0" op_0_bw="1" op_1_bw="0" op_2_bw="0">
<![CDATA[
:11  br i1 %Transmitter_ssdm_s, label %1, label %2

]]></Node>
<StgValue><ssdm name=""/></StgValue>
</operation>

<operation id="15" st_id="1" stage="1" lat="1">
<core>NULL</core>
<MemPortIdVec></MemPortIdVec>
<condition id="2">
<or_exp><and_exp><literal name="Transmitter_ssdm_s" val="0"/>
</and_exp></or_exp>
</condition>

<Node id="22" bw="0" op_0_bw="0" op_1_bw="0" op_2_bw="32" op_3_bw="0">
<![CDATA[
:0  call void (...)* @_ssdm_op_SpecProcessDecl([12 x i8]* @p_str, i32 2, [18 x i8]* @p_str10) nounwind

]]></Node>
<StgValue><ssdm name=""/></StgValue>
</operation>

<operation id="16" st_id="1" stage="1" lat="1">
<core>NULL</core>
<MemPortIdVec></MemPortIdVec>
<condition id="2">
<or_exp><and_exp><literal name="Transmitter_ssdm_s" val="0"/>
</and_exp></or_exp>
</condition>

<Node id="23" bw="0" op_0_bw="0" op_1_bw="0" op_2_bw="0" op_3_bw="1" op_4_bw="32">
<![CDATA[
:1  call void (...)* @_ssdm_op_SpecSensitive([18 x i8]* @p_str10, [6 x i8]* @p_str2, i1* %inClk, i32 1) nounwind

]]></Node>
<StgValue><ssdm name=""/></StgValue>
</operation>

<operation id="17" st_id="1" stage="1" lat="1">
<core>NULL</core>
<MemPortIdVec></MemPortIdVec>
<condition id="2">
<or_exp><and_exp><literal name="Transmitter_ssdm_s" val="0"/>
</and_exp></or_exp>
</condition>

<Node id="24" bw="0" op_0_bw="0" op_1_bw="0" op_2_bw="0" op_3_bw="1" op_4_bw="32">
<![CDATA[
:2  call void (...)* @_ssdm_op_SpecSensitive([18 x i8]* @p_str10, [8 x i8]* @p_str3, i1* %inReset, i32 3) nounwind

]]></Node>
<StgValue><ssdm name=""/></StgValue>
</operation>

<operation id="18" st_id="1" stage="1" lat="1">
<core>NULL</core>
<MemPortIdVec></MemPortIdVec>
<condition id="2">
<or_exp><and_exp><literal name="Transmitter_ssdm_s" val="0"/>
</and_exp></or_exp>
</condition>

<Node id="25" bw="0" op_0_bw="0" op_1_bw="0" op_2_bw="32" op_3_bw="0" op_4_bw="0" op_5_bw="32" op_6_bw="32" op_7_bw="1">
<![CDATA[
:3  call void (...)* @_ssdm_op_SpecPort([12 x i8]* @p_str, i32 0, [7 x i8]* @p_str1, [6 x i8]* @p_str2, i32 0, i32 0, i1* %inClk) nounwind

]]></Node>
<StgValue><ssdm name=""/></StgValue>
</operation>

<operation id="19" st_id="1" stage="1" lat="1">
<core>NULL</core>
<MemPortIdVec></MemPortIdVec>
<condition id="2">
<or_exp><and_exp><literal name="Transmitter_ssdm_s" val="0"/>
</and_exp></or_exp>
</condition>

<Node id="26" bw="0" op_0_bw="0" op_1_bw="0" op_2_bw="32" op_3_bw="0" op_4_bw="0" op_5_bw="32" op_6_bw="32" op_7_bw="1">
<![CDATA[
:4  call void (...)* @_ssdm_op_SpecPort([12 x i8]* @p_str, i32 0, [7 x i8]* @p_str1, [8 x i8]* @p_str3, i32 0, i32 0, i1* %inReset) nounwind

]]></Node>
<StgValue><ssdm name=""/></StgValue>
</operation>

<operation id="20" st_id="1" stage="1" lat="1">
<core>NULL</core>
<MemPortIdVec></MemPortIdVec>
<condition id="2">
<or_exp><and_exp><literal name="Transmitter_ssdm_s" val="0"/>
</and_exp></or_exp>
</condition>

<Node id="27" bw="0" op_0_bw="0" op_1_bw="0" op_2_bw="32" op_3_bw="0" op_4_bw="0" op_5_bw="32" op_6_bw="32" op_7_bw="4">
<![CDATA[
:5  call void (...)* @_ssdm_op_SpecPort([12 x i8]* @p_str, i32 0, [13 x i8]* @p_str4, [7 x i8]* @p_str5, i32 0, i32 0, i4* %inData) nounwind

]]></Node>
<StgValue><ssdm name=""/></StgValue>
</operation>

<operation id="21" st_id="1" stage="1" lat="1">
<core>NULL</core>
<MemPortIdVec></MemPortIdVec>
<condition id="2">
<or_exp><and_exp><literal name="Transmitter_ssdm_s" val="0"/>
</and_exp></or_exp>
</condition>

<Node id="28" bw="0" op_0_bw="0" op_1_bw="0" op_2_bw="32" op_3_bw="0" op_4_bw="0" op_5_bw="32" op_6_bw="32" op_7_bw="4">
<![CDATA[
:6  call void (...)* @_ssdm_op_SpecPort([12 x i8]* @p_str, i32 1, [13 x i8]* @p_str4, [8 x i8]* @p_str6, i32 0, i32 0, i4* %outData) nounwind

]]></Node>
<StgValue><ssdm name=""/></StgValue>
</operation>

<operation id="22" st_id="1" stage="1" lat="1">
<core>NULL</core>
<MemPortIdVec></MemPortIdVec>
<condition id="2">
<or_exp><and_exp><literal name="Transmitter_ssdm_s" val="0"/>
</and_exp></or_exp>
</condition>

<Node id="29" bw="0" op_0_bw="0" op_1_bw="0" op_2_bw="32" op_3_bw="0" op_4_bw="0" op_5_bw="32" op_6_bw="32" op_7_bw="1">
<![CDATA[
:7  call void (...)* @_ssdm_op_SpecPort([12 x i8]* @p_str, i32 0, [7 x i8]* @p_str1, [12 x i8]* @p_str7, i32 0, i32 0, i1* %inDataReady) nounwind

]]></Node>
<StgValue><ssdm name=""/></StgValue>
</operation>

<operation id="23" st_id="1" stage="1" lat="1">
<core>NULL</core>
<MemPortIdVec></MemPortIdVec>
<condition id="2">
<or_exp><and_exp><literal name="Transmitter_ssdm_s" val="0"/>
</and_exp></or_exp>
</condition>

<Node id="30" bw="0" op_0_bw="0" op_1_bw="0" op_2_bw="32" op_3_bw="0" op_4_bw="0" op_5_bw="32" op_6_bw="32" op_7_bw="1">
<![CDATA[
:8  call void (...)* @_ssdm_op_SpecPort([12 x i8]* @p_str, i32 1, [7 x i8]* @p_str1, [17 x i8]* @p_str8, i32 0, i32 0, i1* %transmitterReady) nounwind

]]></Node>
<StgValue><ssdm name=""/></StgValue>
</operation>

<operation id="24" st_id="1" stage="1" lat="1">
<core>NULL</core>
<MemPortIdVec></MemPortIdVec>
<condition id="2">
<or_exp><and_exp><literal name="Transmitter_ssdm_s" val="0"/>
</and_exp></or_exp>
</condition>

<Node id="31" bw="0" op_0_bw="0" op_1_bw="0" op_2_bw="32" op_3_bw="0" op_4_bw="0" op_5_bw="32" op_6_bw="32" op_7_bw="1">
<![CDATA[
:9  call void (...)* @_ssdm_op_SpecPort([12 x i8]* @p_str, i32 0, [7 x i8]* @p_str1, [14 x i8]* @p_str9, i32 0, i32 0, i1* %receiverReady) nounwind

]]></Node>
<StgValue><ssdm name=""/></StgValue>
</operation>

<operation id="25" st_id="1" stage="1" lat="1">
<core>NULL</core>
<MemPortIdVec></MemPortIdVec>
<condition id="2">
<or_exp><and_exp><literal name="Transmitter_ssdm_s" val="0"/>
</and_exp></or_exp>
</condition>

<Node id="32" bw="0">
<![CDATA[
:10  ret void

]]></Node>
<StgValue><ssdm name=""/></StgValue>
</operation>

<operation id="26" st_id="1" stage="2" lat="2">
<core></core>
<MemPortIdVec></MemPortIdVec>
<condition id="4">
<or_exp><and_exp><literal name="Transmitter_ssdm_s" val="1"/>
</and_exp></or_exp>
</condition>

<Node id="34" bw="0" op_0_bw="0" op_1_bw="1" op_2_bw="1" op_3_bw="4" op_4_bw="4" op_5_bw="1" op_6_bw="1" op_7_bw="1">
<![CDATA[
:0  call void @"Transmitter::transmitterThread"(i1* %inClk, i1* %inReset, i4* %inData, i4* %outData, i1* %inDataReady, i1* %transmitterReady, i1* %receiverReady)

]]></Node>
<StgValue><ssdm name=""/></StgValue>
</operation>
</state>

<state id="2" st_id="2">

<operation id="27" st_id="2" stage="1" lat="2">
<core></core>
<MemPortIdVec></MemPortIdVec>
<condition id="5">
<or_exp><and_exp></and_exp></or_exp>
</condition>

<Node id="34" bw="0" op_0_bw="0" op_1_bw="1" op_2_bw="1" op_3_bw="4" op_4_bw="4" op_5_bw="1" op_6_bw="1" op_7_bw="1">
<![CDATA[
:0  call void @"Transmitter::transmitterThread"(i1* %inClk, i1* %inReset, i4* %inData, i4* %outData, i1* %inDataReady, i1* %transmitterReady, i1* %receiverReady)

]]></Node>
<StgValue><ssdm name=""/></StgValue>
</operation>

<operation id="28" st_id="2" stage="1" lat="1">
<core>NULL</core>
<MemPortIdVec></MemPortIdVec>
<condition id="5">
<or_exp><and_exp></and_exp></or_exp>
</condition>

<Node id="35" bw="0">
<![CDATA[
:1  unreachable

]]></Node>
<StgValue><ssdm name=""/></StgValue>
</operation>
</state>
</state_list>


<ports>
<port id="31" name="inClk" dir="0" iftype="0">
<core>NULL</core><StgValue><ssdm name="inClk"/></StgValue>
</port>
<port id="32" name="inReset" dir="0" iftype="0">
<core>NULL</core><StgValue><ssdm name="inReset"/></StgValue>
</port>
<port id="33" name="inData" dir="0" iftype="0">
<core>AXI4LiteS</core><StgValue><ssdm name="inData"/></StgValue>
</port>
<port id="34" name="outData" dir="1" iftype="0">
<core>NULL</core><StgValue><ssdm name="outData"/></StgValue>
</port>
<port id="35" name="inDataReady" dir="0" iftype="0">
<core>AXI4LiteS</core><StgValue><ssdm name="inDataReady"/></StgValue>
</port>
<port id="36" name="transmitterReady" dir="1" iftype="0">
<core>NULL</core><StgValue><ssdm name="transmitterReady"/></StgValue>
</port>
<port id="37" name="receiverReady" dir="0" iftype="0">
<core>NULL</core><StgValue><ssdm name="receiverReady"/></StgValue>
</port>
<port id="38" name="Transmitter_ssdm_thread_M_transmitterThread" dir="0" iftype="0">
<core>NULL</core><StgValue><ssdm name="Transmitter_ssdm_thread_M_transmitterThread"/></StgValue>
</port>
</ports>


<dataflows>
<dataflow id="40" from="_ssdm_op_SpecIFCore" to="StgValue_3" fromId="39" toId="3">
</dataflow>
<dataflow id="41" from="inDataReady" to="StgValue_3" fromId="35" toId="3">
</dataflow>
<dataflow id="43" from="p_str12" to="StgValue_3" fromId="42" toId="3">
</dataflow>
<dataflow id="45" from="p_str14" to="StgValue_3" fromId="44" toId="3">
</dataflow>
<dataflow id="46" from="p_str12" to="StgValue_3" fromId="42" toId="3">
</dataflow>
<dataflow id="48" from="StgValue_47" to="StgValue_3" fromId="47" toId="3">
</dataflow>
<dataflow id="49" from="p_str12" to="StgValue_3" fromId="42" toId="3">
</dataflow>
<dataflow id="50" from="p_str12" to="StgValue_3" fromId="42" toId="3">
</dataflow>
<dataflow id="51" from="p_str12" to="StgValue_3" fromId="42" toId="3">
</dataflow>
<dataflow id="52" from="p_str12" to="StgValue_3" fromId="42" toId="3">
</dataflow>
<dataflow id="54" from="p_str15" to="StgValue_3" fromId="53" toId="3">
</dataflow>
<dataflow id="55" from="_ssdm_op_SpecIFCore" to="StgValue_4" fromId="39" toId="4">
</dataflow>
<dataflow id="56" from="inData" to="StgValue_4" fromId="33" toId="4">
</dataflow>
<dataflow id="57" from="p_str12" to="StgValue_4" fromId="42" toId="4">
</dataflow>
<dataflow id="58" from="p_str14" to="StgValue_4" fromId="44" toId="4">
</dataflow>
<dataflow id="59" from="p_str12" to="StgValue_4" fromId="42" toId="4">
</dataflow>
<dataflow id="60" from="StgValue_47" to="StgValue_4" fromId="47" toId="4">
</dataflow>
<dataflow id="61" from="p_str12" to="StgValue_4" fromId="42" toId="4">
</dataflow>
<dataflow id="62" from="p_str12" to="StgValue_4" fromId="42" toId="4">
</dataflow>
<dataflow id="63" from="p_str12" to="StgValue_4" fromId="42" toId="4">
</dataflow>
<dataflow id="64" from="p_str12" to="StgValue_4" fromId="42" toId="4">
</dataflow>
<dataflow id="65" from="p_str15" to="StgValue_4" fromId="53" toId="4">
</dataflow>
<dataflow id="67" from="_ssdm_op_SpecBitsMap" to="StgValue_5" fromId="66" toId="5">
</dataflow>
<dataflow id="68" from="inClk" to="StgValue_5" fromId="31" toId="5">
</dataflow>
<dataflow id="69" from="_ssdm_op_SpecBitsMap" to="StgValue_6" fromId="66" toId="6">
</dataflow>
<dataflow id="70" from="inReset" to="StgValue_6" fromId="32" toId="6">
</dataflow>
<dataflow id="71" from="_ssdm_op_SpecBitsMap" to="StgValue_7" fromId="66" toId="7">
</dataflow>
<dataflow id="72" from="inData" to="StgValue_7" fromId="33" toId="7">
</dataflow>
<dataflow id="73" from="_ssdm_op_SpecBitsMap" to="StgValue_8" fromId="66" toId="8">
</dataflow>
<dataflow id="74" from="outData" to="StgValue_8" fromId="34" toId="8">
</dataflow>
<dataflow id="75" from="_ssdm_op_SpecBitsMap" to="StgValue_9" fromId="66" toId="9">
</dataflow>
<dataflow id="76" from="inDataReady" to="StgValue_9" fromId="35" toId="9">
</dataflow>
<dataflow id="77" from="_ssdm_op_SpecBitsMap" to="StgValue_10" fromId="66" toId="10">
</dataflow>
<dataflow id="78" from="transmitterReady" to="StgValue_10" fromId="36" toId="10">
</dataflow>
<dataflow id="79" from="_ssdm_op_SpecBitsMap" to="StgValue_11" fromId="66" toId="11">
</dataflow>
<dataflow id="80" from="receiverReady" to="StgValue_11" fromId="37" toId="11">
</dataflow>
<dataflow id="82" from="_ssdm_op_SpecTopModule" to="StgValue_12" fromId="81" toId="12">
</dataflow>
<dataflow id="84" from="p_str" to="StgValue_12" fromId="83" toId="12">
</dataflow>
<dataflow id="85" from="p_str" to="StgValue_12" fromId="83" toId="12">
</dataflow>
<dataflow id="86" from="Transmitter_ssdm_thread_M_transmitterThread" to="Transmitter_ssdm_s" fromId="38" toId="13">
</dataflow>
<dataflow id="87" from="Transmitter_ssdm_s" to="StgValue_14" fromId="13" toId="14">
</dataflow>
<dataflow id="89" from="_ssdm_op_SpecProcessDecl" to="StgValue_15" fromId="88" toId="15">
</dataflow>
<dataflow id="90" from="p_str" to="StgValue_15" fromId="83" toId="15">
</dataflow>
<dataflow id="92" from="StgValue_91" to="StgValue_15" fromId="91" toId="15">
</dataflow>
<dataflow id="94" from="p_str10" to="StgValue_15" fromId="93" toId="15">
</dataflow>
<dataflow id="96" from="_ssdm_op_SpecSensitive" to="StgValue_16" fromId="95" toId="16">
</dataflow>
<dataflow id="97" from="p_str10" to="StgValue_16" fromId="93" toId="16">
</dataflow>
<dataflow id="99" from="p_str2" to="StgValue_16" fromId="98" toId="16">
</dataflow>
<dataflow id="100" from="inClk" to="StgValue_16" fromId="31" toId="16">
</dataflow>
<dataflow id="102" from="StgValue_101" to="StgValue_16" fromId="101" toId="16">
</dataflow>
<dataflow id="103" from="_ssdm_op_SpecSensitive" to="StgValue_17" fromId="95" toId="17">
</dataflow>
<dataflow id="104" from="p_str10" to="StgValue_17" fromId="93" toId="17">
</dataflow>
<dataflow id="106" from="p_str3" to="StgValue_17" fromId="105" toId="17">
</dataflow>
<dataflow id="107" from="inReset" to="StgValue_17" fromId="32" toId="17">
</dataflow>
<dataflow id="109" from="StgValue_108" to="StgValue_17" fromId="108" toId="17">
</dataflow>
<dataflow id="111" from="_ssdm_op_SpecPort" to="StgValue_18" fromId="110" toId="18">
</dataflow>
<dataflow id="112" from="p_str" to="StgValue_18" fromId="83" toId="18">
</dataflow>
<dataflow id="114" from="StgValue_113" to="StgValue_18" fromId="113" toId="18">
</dataflow>
<dataflow id="116" from="p_str1" to="StgValue_18" fromId="115" toId="18">
</dataflow>
<dataflow id="117" from="p_str2" to="StgValue_18" fromId="98" toId="18">
</dataflow>
<dataflow id="118" from="StgValue_113" to="StgValue_18" fromId="113" toId="18">
</dataflow>
<dataflow id="119" from="StgValue_113" to="StgValue_18" fromId="113" toId="18">
</dataflow>
<dataflow id="120" from="inClk" to="StgValue_18" fromId="31" toId="18">
</dataflow>
<dataflow id="121" from="_ssdm_op_SpecPort" to="StgValue_19" fromId="110" toId="19">
</dataflow>
<dataflow id="122" from="p_str" to="StgValue_19" fromId="83" toId="19">
</dataflow>
<dataflow id="123" from="StgValue_113" to="StgValue_19" fromId="113" toId="19">
</dataflow>
<dataflow id="124" from="p_str1" to="StgValue_19" fromId="115" toId="19">
</dataflow>
<dataflow id="125" from="p_str3" to="StgValue_19" fromId="105" toId="19">
</dataflow>
<dataflow id="126" from="StgValue_113" to="StgValue_19" fromId="113" toId="19">
</dataflow>
<dataflow id="127" from="StgValue_113" to="StgValue_19" fromId="113" toId="19">
</dataflow>
<dataflow id="128" from="inReset" to="StgValue_19" fromId="32" toId="19">
</dataflow>
<dataflow id="129" from="_ssdm_op_SpecPort" to="StgValue_20" fromId="110" toId="20">
</dataflow>
<dataflow id="130" from="p_str" to="StgValue_20" fromId="83" toId="20">
</dataflow>
<dataflow id="131" from="StgValue_113" to="StgValue_20" fromId="113" toId="20">
</dataflow>
<dataflow id="133" from="p_str4" to="StgValue_20" fromId="132" toId="20">
</dataflow>
<dataflow id="135" from="p_str5" to="StgValue_20" fromId="134" toId="20">
</dataflow>
<dataflow id="136" from="StgValue_113" to="StgValue_20" fromId="113" toId="20">
</dataflow>
<dataflow id="137" from="StgValue_113" to="StgValue_20" fromId="113" toId="20">
</dataflow>
<dataflow id="138" from="inData" to="StgValue_20" fromId="33" toId="20">
</dataflow>
<dataflow id="139" from="_ssdm_op_SpecPort" to="StgValue_21" fromId="110" toId="21">
</dataflow>
<dataflow id="140" from="p_str" to="StgValue_21" fromId="83" toId="21">
</dataflow>
<dataflow id="141" from="StgValue_101" to="StgValue_21" fromId="101" toId="21">
</dataflow>
<dataflow id="142" from="p_str4" to="StgValue_21" fromId="132" toId="21">
</dataflow>
<dataflow id="144" from="p_str6" to="StgValue_21" fromId="143" toId="21">
</dataflow>
<dataflow id="145" from="StgValue_113" to="StgValue_21" fromId="113" toId="21">
</dataflow>
<dataflow id="146" from="StgValue_113" to="StgValue_21" fromId="113" toId="21">
</dataflow>
<dataflow id="147" from="outData" to="StgValue_21" fromId="34" toId="21">
</dataflow>
<dataflow id="148" from="_ssdm_op_SpecPort" to="StgValue_22" fromId="110" toId="22">
</dataflow>
<dataflow id="149" from="p_str" to="StgValue_22" fromId="83" toId="22">
</dataflow>
<dataflow id="150" from="StgValue_113" to="StgValue_22" fromId="113" toId="22">
</dataflow>
<dataflow id="151" from="p_str1" to="StgValue_22" fromId="115" toId="22">
</dataflow>
<dataflow id="153" from="p_str7" to="StgValue_22" fromId="152" toId="22">
</dataflow>
<dataflow id="154" from="StgValue_113" to="StgValue_22" fromId="113" toId="22">
</dataflow>
<dataflow id="155" from="StgValue_113" to="StgValue_22" fromId="113" toId="22">
</dataflow>
<dataflow id="156" from="inDataReady" to="StgValue_22" fromId="35" toId="22">
</dataflow>
<dataflow id="157" from="_ssdm_op_SpecPort" to="StgValue_23" fromId="110" toId="23">
</dataflow>
<dataflow id="158" from="p_str" to="StgValue_23" fromId="83" toId="23">
</dataflow>
<dataflow id="159" from="StgValue_101" to="StgValue_23" fromId="101" toId="23">
</dataflow>
<dataflow id="160" from="p_str1" to="StgValue_23" fromId="115" toId="23">
</dataflow>
<dataflow id="162" from="p_str8" to="StgValue_23" fromId="161" toId="23">
</dataflow>
<dataflow id="163" from="StgValue_113" to="StgValue_23" fromId="113" toId="23">
</dataflow>
<dataflow id="164" from="StgValue_113" to="StgValue_23" fromId="113" toId="23">
</dataflow>
<dataflow id="165" from="transmitterReady" to="StgValue_23" fromId="36" toId="23">
</dataflow>
<dataflow id="166" from="_ssdm_op_SpecPort" to="StgValue_24" fromId="110" toId="24">
</dataflow>
<dataflow id="167" from="p_str" to="StgValue_24" fromId="83" toId="24">
</dataflow>
<dataflow id="168" from="StgValue_113" to="StgValue_24" fromId="113" toId="24">
</dataflow>
<dataflow id="169" from="p_str1" to="StgValue_24" fromId="115" toId="24">
</dataflow>
<dataflow id="171" from="p_str9" to="StgValue_24" fromId="170" toId="24">
</dataflow>
<dataflow id="172" from="StgValue_113" to="StgValue_24" fromId="113" toId="24">
</dataflow>
<dataflow id="173" from="StgValue_113" to="StgValue_24" fromId="113" toId="24">
</dataflow>
<dataflow id="174" from="receiverReady" to="StgValue_24" fromId="37" toId="24">
</dataflow>
<dataflow id="176" from="Transmitter::transmitterThread" to="StgValue_26" fromId="175" toId="26">
</dataflow>
<dataflow id="177" from="inClk" to="StgValue_26" fromId="31" toId="26">
</dataflow>
<dataflow id="178" from="inReset" to="StgValue_26" fromId="32" toId="26">
</dataflow>
<dataflow id="179" from="inData" to="StgValue_26" fromId="33" toId="26">
</dataflow>
<dataflow id="180" from="outData" to="StgValue_26" fromId="34" toId="26">
</dataflow>
<dataflow id="181" from="inDataReady" to="StgValue_26" fromId="35" toId="26">
</dataflow>
<dataflow id="182" from="transmitterReady" to="StgValue_26" fromId="36" toId="26">
</dataflow>
<dataflow id="183" from="receiverReady" to="StgValue_26" fromId="37" toId="26">
</dataflow>
<dataflow id="184" from="Transmitter::transmitterThread" to="StgValue_27" fromId="175" toId="27">
</dataflow>
<dataflow id="185" from="inClk" to="StgValue_27" fromId="31" toId="27">
</dataflow>
<dataflow id="186" from="inReset" to="StgValue_27" fromId="32" toId="27">
</dataflow>
<dataflow id="187" from="inData" to="StgValue_27" fromId="33" toId="27">
</dataflow>
<dataflow id="188" from="outData" to="StgValue_27" fromId="34" toId="27">
</dataflow>
<dataflow id="189" from="inDataReady" to="StgValue_27" fromId="35" toId="27">
</dataflow>
<dataflow id="190" from="transmitterReady" to="StgValue_27" fromId="36" toId="27">
</dataflow>
<dataflow id="191" from="receiverReady" to="StgValue_27" fromId="37" toId="27">
</dataflow>
<dataflow id="192" from="Transmitter_ssdm_s" to="StgValue_1" fromId="13" toId="1">
</dataflow>
</dataflows>


</stg>
