<stg><name>Transmitter::Transmitter</name>


<trans_list>

<trans id="29" from="1" to="2">
<condition id="6">
<or_exp><and_exp><literal name="Transmitter_ssdm_s" val="1"/>
</and_exp></or_exp>
</condition>
</trans>
</trans_list>



<state_list>

<state id="1" st_id="1">

<operation id="3" st_id="1" stage="1" lat="1">
<core>NULL</core>
<MemPortIdVec></MemPortIdVec>
<condition id="0">
<or_exp><and_exp></and_exp></or_exp>
</condition>

<Node id="9" bw="0" op_0_bw="0" op_1_bw="1" op_2_bw="0" op_3_bw="0" op_4_bw="0" op_5_bw="32" op_6_bw="0" op_7_bw="0" op_8_bw="0" op_9_bw="0" op_10_bw="0">
<![CDATA[
:0  call void (...)* @_ssdm_op_SpecIFCore(i1* %inDataReady, [1 x i8]* @p_str12, [10 x i8]* @p_str14, [1 x i8]* @p_str12, i32 -1, [1 x i8]* @p_str12, [1 x i8]* @p_str12, [1 x i8]* @p_str12, [1 x i8]* @p_str12, [17 x i8]* @p_str15)

]]></Node>
<StgValue><ssdm name=""/></StgValue>
</operation>

<operation id="4" st_id="1" stage="1" lat="1">
<core>NULL</core>
<MemPortIdVec></MemPortIdVec>
<condition id="0">
<or_exp><and_exp></and_exp></or_exp>
</condition>

<Node id="10" bw="0" op_0_bw="0" op_1_bw="4" op_2_bw="0" op_3_bw="0" op_4_bw="0" op_5_bw="32" op_6_bw="0" op_7_bw="0" op_8_bw="0" op_9_bw="0" op_10_bw="0">
<![CDATA[
:1  call void (...)* @_ssdm_op_SpecIFCore(i4* %inData, [1 x i8]* @p_str12, [10 x i8]* @p_str14, [1 x i8]* @p_str12, i32 -1, [1 x i8]* @p_str12, [1 x i8]* @p_str12, [1 x i8]* @p_str12, [1 x i8]* @p_str12, [17 x i8]* @p_str15)

]]></Node>
<StgValue><ssdm name=""/></StgValue>
</operation>

<operation id="5" st_id="1" stage="1" lat="1">
<core>NULL</core>
<MemPortIdVec></MemPortIdVec>
<condition id="0">
<or_exp><and_exp></and_exp></or_exp>
</condition>

<Node id="11" bw="0" op_0_bw="0" op_1_bw="1">
<![CDATA[
:2  call void (...)* @_ssdm_op_SpecBitsMap(i1* %inClk), !map !164

]]></Node>
<StgValue><ssdm name=""/></StgValue>
</operation>

<operation id="6" st_id="1" stage="1" lat="1">
<core>NULL</core>
<MemPortIdVec></MemPortIdVec>
<condition id="0">
<or_exp><and_exp></and_exp></or_exp>
</condition>

<Node id="12" bw="0" op_0_bw="0" op_1_bw="1">
<![CDATA[
:3  call void (...)* @_ssdm_op_SpecBitsMap(i1* %inReset), !map !168

]]></Node>
<StgValue><ssdm name=""/></StgValue>
</operation>

<operation id="7" st_id="1" stage="1" lat="1">
<core>NULL</core>
<MemPortIdVec></MemPortIdVec>
<condition id="0">
<or_exp><and_exp></and_exp></or_exp>
</condition>

<Node id="13" bw="0" op_0_bw="0" op_1_bw="4">
<![CDATA[
:4  call void (...)* @_ssdm_op_SpecBitsMap(i4* %inData), !map !172

]]></Node>
<StgValue><ssdm name=""/></StgValue>
</operation>

<operation id="8" st_id="1" stage="1" lat="1">
<core>NULL</core>
<MemPortIdVec></MemPortIdVec>
<condition id="0">
<or_exp><and_exp></and_exp></or_exp>
</condition>

<Node id="14" bw="0" op_0_bw="0" op_1_bw="4">
<![CDATA[
:5  call void (...)* @_ssdm_op_SpecBitsMap(i4* %outData), !map !176

]]></Node>
<StgValue><ssdm name=""/></StgValue>
</operation>

<operation id="9" st_id="1" stage="1" lat="1">
<core>NULL</core>
<MemPortIdVec></MemPortIdVec>
<condition id="0">
<or_exp><and_exp></and_exp></or_exp>
</condition>

<Node id="15" bw="0" op_0_bw="0" op_1_bw="1">
<![CDATA[
:6  call void (...)* @_ssdm_op_SpecBitsMap(i1* %inDataReady), !map !180

]]></Node>
<StgValue><ssdm name=""/></StgValue>
</operation>

<operation id="10" st_id="1" stage="1" lat="1">
<core>NULL</core>
<MemPortIdVec></MemPortIdVec>
<condition id="0">
<or_exp><and_exp></and_exp></or_exp>
</condition>

<Node id="16" bw="0" op_0_bw="0" op_1_bw="1">
<![CDATA[
:7  call void (...)* @_ssdm_op_SpecBitsMap(i1* %transmitterReady), !map !184

]]></Node>
<StgValue><ssdm name=""/></StgValue>
</operation>

<operation id="11" st_id="1" stage="1" lat="1">
<core>NULL</core>
<MemPortIdVec></MemPortIdVec>
<condition id="0">
<or_exp><and_exp></and_exp></or_exp>
</condition>

<Node id="17" bw="0" op_0_bw="0" op_1_bw="1">
<![CDATA[
:8  call void (...)* @_ssdm_op_SpecBitsMap(i1* %receiverReady), !map !188

]]></Node>
<StgValue><ssdm name=""/></StgValue>
</operation>

<operation id="12" st_id="1" stage="1" lat="1">
<core>NULL</core>
<MemPortIdVec></MemPortIdVec>
<condition id="0">
<or_exp><and_exp></and_exp></or_exp>
</condition>

<Node id="18" bw="0" op_0_bw="0" op_1_bw="0" op_2_bw="0">
<![CDATA[
:9  call void (...)* @_ssdm_op_SpecTopModule([12 x i8]* @p_str, [12 x i8]* @p_str) nounwind

]]></Node>
<StgValue><ssdm name=""/></StgValue>
</operation>

<operation id="13" st_id="1" stage="1" lat="1">
<core>NULL</core>
<MemPortIdVec></MemPortIdVec>
<condition id="0">
<or_exp><and_exp></and_exp></or_exp>
</condition>

<Node id="19" bw="1" op_0_bw="1">
<![CDATA[
:10  %Transmitter_ssdm_s = load i1* @Transmitter_ssdm_thread_M_transmitterThread, align 1

]]></Node>
<StgValue><ssdm name="Transmitter_ssdm_s"/></StgValue>
</operation>

<operation id="14" st_id="1" stage="1" lat="1">
<core>NULL</core>
<MemPortIdVec></MemPortIdVec>
<condition id="0">
<or_exp><and_exp></and_exp></or_exp>
</condition>

<Node id="20" bw="0" op_0_bw="1" op_1_bw="0" op_2_bw="0">
<![CDATA[
:11  br i1 %Transmitter_ssdm_s, label %1, label %2

]]></Node>
<StgValue><ssdm name=""/></StgValue>
</operation>

<operation id="15" st_id="1" stage="1" lat="1">
<core>NULL</core>
<MemPortIdVec></MemPortIdVec>
<condition id="2">
<or_exp><and_exp><literal name="Transmitter_ssdm_s" val="0"/>
</and_exp></or_exp>
</condition>

<Node id="22" bw="0" op_0_bw="0" op_1_bw="0" op_2_bw="32" op_3_bw="0">
<![CDATA[
:0  call void (...)* @_ssdm_op_SpecProcessDecl([12 x i8]* @p_str, i32 2, [18 x i8]* @p_str10) nounwind

]]></Node>
<StgValue><ssdm name=""/></StgValue>
</operation>

<operation id="16" st_id="1" stage="1" lat="1">
<core>NULL</core>
<MemPortIdVec></MemPortIdVec>
<condition id="2">
<or_exp><and_exp><literal name="Transmitter_ssdm_s" val="0"/>
</and_exp></or_exp>
</condition>

<Node id="23" bw="0" op_0_bw="0" op_1_bw="0" op_2_bw="0" op_3_bw="1" op_4_bw="32">
<![CDATA[
:1  call void (...)* @_ssdm_op_SpecSensitive([18 x i8]* @p_str10, [6 x i8]* @p_str2, i1* %inClk, i32 1) nounwind

]]></Node>
<StgValue><ssdm name=""/></StgValue>
</operation>

<operation id="17" st_id="1" stage="1" lat="1">
<core>NULL</core>
<MemPortIdVec></MemPortIdVec>
<condition id="2">
<or_exp><and_exp><literal name="Transmitter_ssdm_s" val="0"/>
</and_exp></or_exp>
</condition>

<Node id="24" bw="0" op_0_bw="0" op_1_bw="0" op_2_bw="0" op_3_bw="1" op_4_bw="32">
<![CDATA[
:2  call void (...)* @_ssdm_op_SpecSensitive([18 x i8]* @p_str10, [8 x i8]* @p_str3, i1* %inReset, i32 3) nounwind

]]></Node>
<StgValue><ssdm name=""/></StgValue>
</operation>

<operation id="18" st_id="1" stage="1" lat="1">
<core>NULL</core>
<MemPortIdVec></MemPortIdVec>
<condition id="2">
<or_exp><and_exp><literal name="Transmitter_ssdm_s" val="0"/>
</and_exp></or_exp>
</condition>

<Node id="25" bw="0" op_0_bw="0" op_1_bw="0" op_2_bw="32" op_3_bw="0" op_4_bw="0" op_5_bw="32" op_6_bw="32" op_7_bw="1">
<![CDATA[
:3  call void (...)* @_ssdm_op_SpecPort([12 x i8]* @p_str, i32 0, [7 x i8]* @p_str1, [6 x i8]* @p_str2, i32 0, i32 0, i1* %inClk) nounwind

]]></Node>
<StgValue><ssdm name=""/></StgValue>
</operation>

<operation id="19" st_id="1" stage="1" lat="1">
<core>NULL</core>
<MemPortIdVec></MemPortIdVec>
<condition id="2">
<or_exp><and_exp><literal name="Transmitter_ssdm_s" val="0"/>
</and_exp></or_exp>
</condition>

<Node id="26" bw="0" op_0_bw="0" op_1_bw="0" op_2_bw="32" op_3_bw="0" op_4_bw="0" op_5_bw="32" op_6_bw="32" op_7_bw="1">
<![CDATA[
:4  call void (...)* @_ssdm_op_SpecPort([12 x i8]* @p_str, i32 0, [7 x i8]* @p_str1, [8 x i8]* @p_str3, i32 0, i32 0, i1* %inReset) nounwind

]]></Node>
<StgValue><ssdm name=""/></StgValue>
</operation>

<operation id="20" st_id="1" stage="1" lat="1">
<core>NULL</core>
<MemPortIdVec></MemPortIdVec>
<condition id="2">
<or_exp><and_exp><literal name="Transmitter_ssdm_s" val="0"/>
</and_exp></or_exp>
</condition>

<Node id="27" bw="0" op_0_bw="0" op_1_bw="0" op_2_bw="32" op_3_bw="0" op_4_bw="0" op_5_bw="32" op_6_bw="32" op_7_bw="4">
<![CDATA[
:5  call void (...)* @_ssdm_op_SpecPort([12 x i8]* @p_str, i32 0, [13 x i8]* @p_str4, [7 x i8]* @p_str5, i32 0, i32 0, i4* %inData) nounwind

]]></Node>
<StgValue><ssdm name=""/></StgValue>
</operation>

<operation id="21" st_id="1" stage="1" lat="1">
<core>NULL</core>
<MemPortIdVec></MemPortIdVec>
<condition id="2">
<or_exp><and_exp><literal name="Transmitter_ssdm_s" val="0"/>
</and_exp></or_exp>
</condition>

<Node id="28" bw="0" op_0_bw="0" op_1_bw="0" op_2_bw="32" op_3_bw="0" op_4_bw="0" op_5_bw="32" op_6_bw="32" op_7_bw="4">
<![CDATA[
:6  call void (...)* @_ssdm_op_SpecPort([12 x i8]* @p_str, i32 1, [13 x i8]* @p_str4, [8 x i8]* @p_str6, i32 0, i32 0, i4* %outData) nounwind

]]></Node>
<StgValue><ssdm name=""/></StgValue>
</operation>

<operation id="22" st_id="1" stage="1" lat="1">
<core>NULL</core>
<MemPortIdVec></MemPortIdVec>
<condition id="2">
<or_exp><and_exp><literal name="Transmitter_ssdm_s" val="0"/>
</and_exp></or_exp>
</condition>

<Node id="29" bw="0" op_0_bw="0" op_1_bw="0" op_2_bw="32" op_3_bw="0" op_4_bw="0" op_5_bw="32" op_6_bw="32" op_7_bw="1">
<![CDATA[
:7  call void (...)* @_ssdm_op_SpecPort([12 x i8]* @p_str, i32 0, [7 x i8]* @p_str1, [12 x i8]* @p_str7, i32 0, i32 0, i1* %inDataReady) nounwind

]]></Node>
<StgValue><ssdm name=""/></StgValue>
</operation>

<operation id="23" st_id="1" stage="1" lat="1">
<core>NULL</core>
<MemPortIdVec></MemPortIdVec>
<condition id="2">
<or_exp><and_exp><literal name="Transmitter_ssdm_s" val="0"/>
</and_exp></or_exp>
</condition>

<Node id="30" bw="0" op_0_bw="0" op_1_bw="0" op_2_bw="32" op_3_bw="0" op_4_bw="0" op_5_bw="32" op_6_bw="32" op_7_bw="1">
<![CDATA[
:8  call void (...)* @_ssdm_op_SpecPort([12 x i8]* @p_str, i32 1, [7 x i8]* @p_str1, [17 x i8]* @p_str8, i32 0, i32 0, i1* %transmitterReady) nounwind

]]></Node>
<StgValue><ssdm name=""/></StgValue>
</operation>

<operation id="24" st_id="1" stage="1" lat="1">
<core>NULL</core>
<MemPortIdVec></MemPortIdVec>
<condition id="2">
<or_exp><and_exp><literal name="Transmitter_ssdm_s" val="0"/>
</and_exp></or_exp>
</condition>

<Node id="31" bw="0" op_0_bw="0" op_1_bw="0" op_2_bw="32" op_3_bw="0" op_4_bw="0" op_5_bw="32" op_6_bw="32" op_7_bw="1">
<![CDATA[
:9  call void (...)* @_ssdm_op_SpecPort([12 x i8]* @p_str, i32 0, [7 x i8]* @p_str1, [14 x i8]* @p_str9, i32 0, i32 0, i1* %receiverReady) nounwind

]]></Node>
<StgValue><ssdm name=""/></StgValue>
</operation>

<operation id="25" st_id="1" stage="1" lat="1">
<core>NULL</core>
<MemPortIdVec></MemPortIdVec>
<condition id="2">
<or_exp><and_exp><literal name="Transmitter_ssdm_s" val="0"/>
</and_exp></or_exp>
</condition>

<Node id="32" bw="0">
<![CDATA[
:10  ret void

]]></Node>
<StgValue><ssdm name=""/></StgValue>
</operation>

<operation id="26" st_id="1" stage="2" lat="2">
<core></core>
<MemPortIdVec></MemPortIdVec>
<condition id="4">
<or_exp><and_exp><literal name="Transmitter_ssdm_s" val="1"/>
</and_exp></or_exp>
</condition>

<Node id="34" bw="0" op_0_bw="0" op_1_bw="1" op_2_bw="1" op_3_bw="4" op_4_bw="4" op_5_bw="1" op_6_bw="1" op_7_bw="1">
<![CDATA[
:0  call void @"Transmitter::transmitterThread"(i1* %inClk, i1* %inReset, i4* %inData, i4* %outData, i1* %inDataReady, i1* %transmitterReady, i1* %receiverReady)

]]></Node>
<StgValue><ssdm name=""/></StgValue>
</operation>
</state>

<state id="2" st_id="2">

<operation id="27" st_id="2" stage="1" lat="2">
<core></core>
<MemPortIdVec></MemPortIdVec>
<condition id="5">
<or_exp><and_exp></and_exp></or_exp>
</condition>

<Node id="34" bw="0" op_0_bw="0" op_1_bw="1" op_2_bw="1" op_3_bw="4" op_4_bw="4" op_5_bw="1" op_6_bw="1" op_7_bw="1">
<![CDATA[
:0  call void @"Transmitter::transmitterThread"(i1* %inClk, i1* %inReset, i4* %inData, i4* %outData, i1* %inDataReady, i1* %transmitterReady, i1* %receiverReady)

]]></Node>
<StgValue><ssdm name=""/></StgValue>
</operation>

<operation id="28" st_id="2" stage="1" lat="1">
<core>NULL</core>
<MemPortIdVec></MemPortIdVec>
<condition id="5">
<or_exp><and_exp></and_exp></or_exp>
</condition>

<Node id="35" bw="0">
<![CDATA[
:1  unreachable

]]></Node>
<StgValue><ssdm name=""/></StgValue>
</operation>
</state>
</state_list>


<ports>
</ports>


<dataflows>
</dataflows>


</stg>
