<stg><name>Transmitter::transmitterThread</name>


<trans_list>

<trans id="45" from="1" to="2">
<condition id="6">
<or_exp><and_exp></and_exp></or_exp>
</condition>
</trans>

<trans id="46" from="2" to="3">
<condition id="7">
<or_exp><and_exp></and_exp></or_exp>
</condition>
</trans>

<trans id="47" from="3" to="4">
<condition id="8">
<or_exp><and_exp></and_exp></or_exp>
</condition>
</trans>

<trans id="48" from="4" to="5">
<condition id="9">
<or_exp><and_exp></and_exp></or_exp>
</condition>
</trans>

<trans id="49" from="5" to="2">
<condition id="11">
<or_exp><and_exp></and_exp></or_exp>
</condition>
</trans>
</trans_list>



<state_list>

<state id="1" st_id="1">

<operation id="6" st_id="1" stage="1" lat="1">
<core>NULL</core>
<MemPortIdVec></MemPortIdVec>
<condition id="0">
<or_exp><and_exp></and_exp></or_exp>
</condition>

<Node id="8" bw="0" op_0_bw="0" op_1_bw="1">
<![CDATA[
:0  call void (...)* @_ssdm_op_SpecBitsMap(i1* %inClk), !map !164

]]></Node>
<StgValue><ssdm name=""/></StgValue>
</operation>

<operation id="7" st_id="1" stage="1" lat="1">
<core>NULL</core>
<MemPortIdVec></MemPortIdVec>
<condition id="0">
<or_exp><and_exp></and_exp></or_exp>
</condition>

<Node id="9" bw="0" op_0_bw="0" op_1_bw="1">
<![CDATA[
:1  call void (...)* @_ssdm_op_SpecBitsMap(i1* %inReset), !map !168

]]></Node>
<StgValue><ssdm name=""/></StgValue>
</operation>

<operation id="8" st_id="1" stage="1" lat="1">
<core>NULL</core>
<MemPortIdVec></MemPortIdVec>
<condition id="0">
<or_exp><and_exp></and_exp></or_exp>
</condition>

<Node id="10" bw="0" op_0_bw="0" op_1_bw="4">
<![CDATA[
:2  call void (...)* @_ssdm_op_SpecBitsMap(i4* %inData), !map !172

]]></Node>
<StgValue><ssdm name=""/></StgValue>
</operation>

<operation id="9" st_id="1" stage="1" lat="1">
<core>NULL</core>
<MemPortIdVec></MemPortIdVec>
<condition id="0">
<or_exp><and_exp></and_exp></or_exp>
</condition>

<Node id="11" bw="0" op_0_bw="0" op_1_bw="4">
<![CDATA[
:3  call void (...)* @_ssdm_op_SpecBitsMap(i4* %outData), !map !176

]]></Node>
<StgValue><ssdm name=""/></StgValue>
</operation>

<operation id="10" st_id="1" stage="1" lat="1">
<core>NULL</core>
<MemPortIdVec></MemPortIdVec>
<condition id="0">
<or_exp><and_exp></and_exp></or_exp>
</condition>

<Node id="12" bw="0" op_0_bw="0" op_1_bw="1">
<![CDATA[
:4  call void (...)* @_ssdm_op_SpecBitsMap(i1* %inDataReady), !map !180

]]></Node>
<StgValue><ssdm name=""/></StgValue>
</operation>

<operation id="11" st_id="1" stage="1" lat="1">
<core>NULL</core>
<MemPortIdVec></MemPortIdVec>
<condition id="0">
<or_exp><and_exp></and_exp></or_exp>
</condition>

<Node id="13" bw="0" op_0_bw="0" op_1_bw="1">
<![CDATA[
:5  call void (...)* @_ssdm_op_SpecBitsMap(i1* %transmitterReady), !map !184

]]></Node>
<StgValue><ssdm name=""/></StgValue>
</operation>

<operation id="12" st_id="1" stage="1" lat="1">
<core>NULL</core>
<MemPortIdVec></MemPortIdVec>
<condition id="0">
<or_exp><and_exp></and_exp></or_exp>
</condition>

<Node id="14" bw="0" op_0_bw="0" op_1_bw="1">
<![CDATA[
:6  call void (...)* @_ssdm_op_SpecBitsMap(i1* %receiverReady), !map !188

]]></Node>
<StgValue><ssdm name=""/></StgValue>
</operation>

<operation id="13" st_id="1" stage="1" lat="1">
<core>NULL</core>
<MemPortIdVec></MemPortIdVec>
<condition id="0">
<or_exp><and_exp></and_exp></or_exp>
</condition>

<Node id="15" bw="0" op_0_bw="0" op_1_bw="0" op_2_bw="32" op_3_bw="0" op_4_bw="0" op_5_bw="32" op_6_bw="32" op_7_bw="1">
<![CDATA[
:7  call void (...)* @_ssdm_op_SpecPort([12 x i8]* @p_str, i32 0, [7 x i8]* @p_str1, [6 x i8]* @p_str2, i32 0, i32 0, i1* %inClk) nounwind

]]></Node>
<StgValue><ssdm name=""/></StgValue>
</operation>

<operation id="14" st_id="1" stage="1" lat="1">
<core>NULL</core>
<MemPortIdVec></MemPortIdVec>
<condition id="0">
<or_exp><and_exp></and_exp></or_exp>
</condition>

<Node id="16" bw="0" op_0_bw="0" op_1_bw="0" op_2_bw="32" op_3_bw="0" op_4_bw="0" op_5_bw="32" op_6_bw="32" op_7_bw="1">
<![CDATA[
:8  call void (...)* @_ssdm_op_SpecPort([12 x i8]* @p_str, i32 0, [7 x i8]* @p_str1, [8 x i8]* @p_str3, i32 0, i32 0, i1* %inReset) nounwind

]]></Node>
<StgValue><ssdm name=""/></StgValue>
</operation>

<operation id="15" st_id="1" stage="1" lat="1">
<core>NULL</core>
<MemPortIdVec></MemPortIdVec>
<condition id="0">
<or_exp><and_exp></and_exp></or_exp>
</condition>

<Node id="17" bw="0" op_0_bw="0" op_1_bw="0" op_2_bw="32" op_3_bw="0" op_4_bw="0" op_5_bw="32" op_6_bw="32" op_7_bw="4">
<![CDATA[
:9  call void (...)* @_ssdm_op_SpecPort([12 x i8]* @p_str, i32 0, [13 x i8]* @p_str4, [7 x i8]* @p_str5, i32 0, i32 0, i4* %inData) nounwind

]]></Node>
<StgValue><ssdm name=""/></StgValue>
</operation>

<operation id="16" st_id="1" stage="1" lat="1">
<core>NULL</core>
<MemPortIdVec></MemPortIdVec>
<condition id="0">
<or_exp><and_exp></and_exp></or_exp>
</condition>

<Node id="18" bw="0" op_0_bw="0" op_1_bw="0" op_2_bw="32" op_3_bw="0" op_4_bw="0" op_5_bw="32" op_6_bw="32" op_7_bw="4">
<![CDATA[
:10  call void (...)* @_ssdm_op_SpecPort([12 x i8]* @p_str, i32 1, [13 x i8]* @p_str4, [8 x i8]* @p_str6, i32 0, i32 0, i4* %outData) nounwind

]]></Node>
<StgValue><ssdm name=""/></StgValue>
</operation>

<operation id="17" st_id="1" stage="1" lat="1">
<core>NULL</core>
<MemPortIdVec></MemPortIdVec>
<condition id="0">
<or_exp><and_exp></and_exp></or_exp>
</condition>

<Node id="19" bw="0" op_0_bw="0" op_1_bw="0" op_2_bw="32" op_3_bw="0" op_4_bw="0" op_5_bw="32" op_6_bw="32" op_7_bw="1">
<![CDATA[
:11  call void (...)* @_ssdm_op_SpecPort([12 x i8]* @p_str, i32 0, [7 x i8]* @p_str1, [12 x i8]* @p_str7, i32 0, i32 0, i1* %inDataReady) nounwind

]]></Node>
<StgValue><ssdm name=""/></StgValue>
</operation>

<operation id="18" st_id="1" stage="1" lat="1">
<core>NULL</core>
<MemPortIdVec></MemPortIdVec>
<condition id="0">
<or_exp><and_exp></and_exp></or_exp>
</condition>

<Node id="20" bw="0" op_0_bw="0" op_1_bw="0" op_2_bw="32" op_3_bw="0" op_4_bw="0" op_5_bw="32" op_6_bw="32" op_7_bw="1">
<![CDATA[
:12  call void (...)* @_ssdm_op_SpecPort([12 x i8]* @p_str, i32 1, [7 x i8]* @p_str1, [17 x i8]* @p_str8, i32 0, i32 0, i1* %transmitterReady) nounwind

]]></Node>
<StgValue><ssdm name=""/></StgValue>
</operation>

<operation id="19" st_id="1" stage="1" lat="1">
<core>NULL</core>
<MemPortIdVec></MemPortIdVec>
<condition id="0">
<or_exp><and_exp></and_exp></or_exp>
</condition>

<Node id="21" bw="0" op_0_bw="0" op_1_bw="0" op_2_bw="32" op_3_bw="0" op_4_bw="0" op_5_bw="32" op_6_bw="32" op_7_bw="1">
<![CDATA[
:13  call void (...)* @_ssdm_op_SpecPort([12 x i8]* @p_str, i32 0, [7 x i8]* @p_str1, [14 x i8]* @p_str9, i32 0, i32 0, i1* %receiverReady) nounwind

]]></Node>
<StgValue><ssdm name=""/></StgValue>
</operation>

<operation id="20" st_id="1" stage="1" lat="1">
<core>NULL</core>
<MemPortIdVec></MemPortIdVec>
<condition id="0">
<or_exp><and_exp></and_exp></or_exp>
</condition>

<Node id="22" bw="0" op_0_bw="0" op_1_bw="0" op_2_bw="32" op_3_bw="0">
<![CDATA[
:14  call void (...)* @_ssdm_op_SpecProcessDef([12 x i8]* @p_str, i32 2, [18 x i8]* @p_str10) nounwind

]]></Node>
<StgValue><ssdm name=""/></StgValue>
</operation>

<operation id="21" st_id="1" stage="1" lat="1">
<core>NULL</core>
<MemPortIdVec></MemPortIdVec>
<condition id="0">
<or_exp><and_exp></and_exp></or_exp>
</condition>

<Node id="23" bw="32" op_0_bw="32" op_1_bw="0">
<![CDATA[
:15  %tmp_4 = call i32 (...)* @_ssdm_op_SpecRegionBegin([15 x i8]* @p_str11)

]]></Node>
<StgValue><ssdm name="tmp_4"/></StgValue>
</operation>

<operation id="22" st_id="1" stage="1" lat="1">
<core>NULL</core>
<MemPortIdVec></MemPortIdVec>
<condition id="0">
<or_exp><and_exp></and_exp></or_exp>
</condition>

<Node id="24" bw="0" op_0_bw="0" op_1_bw="32" op_2_bw="0">
<![CDATA[
:16  call void (...)* @_ssdm_op_SpecProtocol(i32 1, [1 x i8]* @p_str12) nounwind

]]></Node>
<StgValue><ssdm name=""/></StgValue>
</operation>

<operation id="23" st_id="1" stage="1" lat="1">
<core>NULL</core>
<MemPortIdVec></MemPortIdVec>
<condition id="0">
<or_exp><and_exp></and_exp></or_exp>
</condition>

<Node id="25" bw="32" op_0_bw="32" op_1_bw="32" op_2_bw="32" op_3_bw="32">
<![CDATA[
:17  %p_ssdm_reset_v = call i32 (...)* @_ssdm_op_SpecStateBegin(i32 0, i32 0, i32 1) nounwind

]]></Node>
<StgValue><ssdm name="p_ssdm_reset_v"/></StgValue>
</operation>

<operation id="24" st_id="1" stage="1" lat="1">
<core>NULL</core>
<MemPortIdVec></MemPortIdVec>
<condition id="0">
<or_exp><and_exp></and_exp></or_exp>
</condition>

<Node id="26" bw="0" op_0_bw="0" op_1_bw="4" op_2_bw="0" op_3_bw="0" op_4_bw="0" op_5_bw="32" op_6_bw="0" op_7_bw="0" op_8_bw="0" op_9_bw="0" op_10_bw="0">
<![CDATA[
:18  call void (...)* @_ssdm_op_SpecIFCore(i4* %inData, [1 x i8]* @p_str12, [10 x i8]* @p_str14, [1 x i8]* @p_str12, i32 -1, [1 x i8]* @p_str12, [1 x i8]* @p_str12, [1 x i8]* @p_str12, [1 x i8]* @p_str12, [17 x i8]* @p_str15)

]]></Node>
<StgValue><ssdm name=""/></StgValue>
</operation>

<operation id="25" st_id="1" stage="1" lat="1">
<core>NULL</core>
<MemPortIdVec></MemPortIdVec>
<condition id="0">
<or_exp><and_exp></and_exp></or_exp>
</condition>

<Node id="27" bw="0" op_0_bw="0" op_1_bw="1" op_2_bw="0" op_3_bw="0" op_4_bw="0" op_5_bw="32" op_6_bw="0" op_7_bw="0" op_8_bw="0" op_9_bw="0" op_10_bw="0">
<![CDATA[
:19  call void (...)* @_ssdm_op_SpecIFCore(i1* %inDataReady, [1 x i8]* @p_str12, [10 x i8]* @p_str14, [1 x i8]* @p_str12, i32 -1, [1 x i8]* @p_str12, [1 x i8]* @p_str12, [1 x i8]* @p_str12, [1 x i8]* @p_str12, [17 x i8]* @p_str15)

]]></Node>
<StgValue><ssdm name=""/></StgValue>
</operation>

<operation id="26" st_id="1" stage="1" lat="1">
<core>NULL</core>
<MemPortIdVec></MemPortIdVec>
<condition id="0">
<or_exp><and_exp></and_exp></or_exp>
</condition>

<Node id="28" bw="32" op_0_bw="32" op_1_bw="32">
<![CDATA[
:20  %empty = call i32 (...)* @_ssdm_op_SpecStateEnd(i32 %p_ssdm_reset_v) nounwind

]]></Node>
<StgValue><ssdm name="empty"/></StgValue>
</operation>

<operation id="27" st_id="1" stage="1" lat="1">
<core>NULL</core>
<MemPortIdVec></MemPortIdVec>
<condition id="0">
<or_exp><and_exp></and_exp></or_exp>
</condition>

<Node id="29" bw="32" op_0_bw="32" op_1_bw="0" op_2_bw="32">
<![CDATA[
:21  %empty_2 = call i32 (...)* @_ssdm_op_SpecRegionEnd([15 x i8]* @p_str11, i32 %tmp_4)

]]></Node>
<StgValue><ssdm name="empty_2"/></StgValue>
</operation>

<operation id="28" st_id="1" stage="1" lat="1">
<core>NULL</core>
<MemPortIdVec></MemPortIdVec>
<condition id="0">
<or_exp><and_exp></and_exp></or_exp>
</condition>

<Node id="30" bw="0" op_0_bw="0">
<![CDATA[
:22  br label %_ZN7_ap_sc_7sc_core4waitEi.exit

]]></Node>
<StgValue><ssdm name=""/></StgValue>
</operation>
</state>

<state id="2" st_id="2">

<operation id="29" st_id="2" stage="1" lat="1">
<core>NULL</core>
<MemPortIdVec></MemPortIdVec>
<condition id="1">
<or_exp><and_exp></and_exp></or_exp>
</condition>

<Node id="32" bw="0" op_0_bw="0" op_1_bw="32">
<![CDATA[
_ZN7_ap_sc_7sc_core4waitEi.exit:0  call void (...)* @_ssdm_op_Wait(i32 1) nounwind

]]></Node>
<StgValue><ssdm name=""/></StgValue>
</operation>

<operation id="30" st_id="2" stage="1" lat="1">
<core>NULL</core>
<MemPortIdVec></MemPortIdVec>
<condition id="1">
<or_exp><and_exp></and_exp></or_exp>
</condition>

<Node id="33" bw="0" op_0_bw="0" op_1_bw="1" op_2_bw="1">
<![CDATA[
_ZN7_ap_sc_7sc_core4waitEi.exit:1  call void @_ssdm_op_Write.ap_auto.volatile.i1P(i1* %transmitterReady, i1 false)

]]></Node>
<StgValue><ssdm name=""/></StgValue>
</operation>
</state>

<state id="3" st_id="3">

<operation id="31" st_id="3" stage="1" lat="1">
<core>NULL</core>
<MemPortIdVec></MemPortIdVec>
<condition id="2">
<or_exp><and_exp></and_exp></or_exp>
</condition>

<Node id="34" bw="0" op_0_bw="0" op_1_bw="32">
<![CDATA[
_ZN7_ap_sc_7sc_core4waitEi.exit:2  call void (...)* @_ssdm_op_Wait(i32 1) nounwind

]]></Node>
<StgValue><ssdm name=""/></StgValue>
</operation>

<operation id="32" st_id="3" stage="1" lat="1">
<core>AXI4LiteS</core>
<MemPortIdVec></MemPortIdVec>
<condition id="2">
<or_exp><and_exp></and_exp></or_exp>
</condition>

<Node id="35" bw="1" op_0_bw="1" op_1_bw="1">
<![CDATA[
_ZN7_ap_sc_7sc_core4waitEi.exit:3  %tmp = call i1 @_ssdm_op_Read.ap_auto.volatile.i1P(i1* %inDataReady)

]]></Node>
<StgValue><ssdm name="tmp"/></StgValue>
</operation>

<operation id="33" st_id="3" stage="1" lat="1">
<core>NULL</core>
<MemPortIdVec></MemPortIdVec>
<condition id="2">
<or_exp><and_exp></and_exp></or_exp>
</condition>

<Node id="36" bw="0" op_0_bw="0" op_1_bw="1">
<![CDATA[
_ZN7_ap_sc_7sc_core4waitEi.exit:4  call void (...)* @_ssdm_op_Poll(i1 %tmp)

]]></Node>
<StgValue><ssdm name=""/></StgValue>
</operation>

<operation id="34" st_id="3" stage="1" lat="1">
<core>AXI4LiteS</core>
<MemPortIdVec></MemPortIdVec>
<condition id="2">
<or_exp><and_exp></and_exp></or_exp>
</condition>

<Node id="37" bw="4" op_0_bw="4" op_1_bw="4">
<![CDATA[
_ZN7_ap_sc_7sc_core4waitEi.exit:5  %val_V = call i4 @_ssdm_op_Read.ap_auto.volatile.i4P(i4* %inData)

]]></Node>
<StgValue><ssdm name="val_V"/></StgValue>
</operation>
</state>

<state id="4" st_id="4">

<operation id="35" st_id="4" stage="1" lat="1">
<core>NULL</core>
<MemPortIdVec></MemPortIdVec>
<condition id="3">
<or_exp><and_exp></and_exp></or_exp>
</condition>

<Node id="38" bw="0" op_0_bw="0" op_1_bw="32">
<![CDATA[
_ZN7_ap_sc_7sc_core4waitEi.exit:6  call void (...)* @_ssdm_op_Wait(i32 1) nounwind

]]></Node>
<StgValue><ssdm name=""/></StgValue>
</operation>

<operation id="36" st_id="4" stage="1" lat="1">
<core>NULL</core>
<MemPortIdVec></MemPortIdVec>
<condition id="3">
<or_exp><and_exp></and_exp></or_exp>
</condition>

<Node id="39" bw="1" op_0_bw="1" op_1_bw="1">
<![CDATA[
_ZN7_ap_sc_7sc_core4waitEi.exit:7  %tmp_1 = call i1 @_ssdm_op_Read.ap_auto.volatile.i1P(i1* %receiverReady)

]]></Node>
<StgValue><ssdm name="tmp_1"/></StgValue>
</operation>

<operation id="37" st_id="4" stage="1" lat="1">
<core>NULL</core>
<MemPortIdVec></MemPortIdVec>
<condition id="3">
<or_exp><and_exp></and_exp></or_exp>
</condition>

<Node id="40" bw="0" op_0_bw="0" op_1_bw="1">
<![CDATA[
_ZN7_ap_sc_7sc_core4waitEi.exit:8  call void (...)* @_ssdm_op_Poll(i1 %tmp_1)

]]></Node>
<StgValue><ssdm name=""/></StgValue>
</operation>

<operation id="38" st_id="4" stage="1" lat="1">
<core>NULL</core>
<MemPortIdVec></MemPortIdVec>
<condition id="3">
<or_exp><and_exp></and_exp></or_exp>
</condition>

<Node id="41" bw="0" op_0_bw="0" op_1_bw="4" op_2_bw="4">
<![CDATA[
_ZN7_ap_sc_7sc_core4waitEi.exit:9  call void @_ssdm_op_Write.ap_auto.volatile.i4P(i4* %outData, i4 %val_V)

]]></Node>
<StgValue><ssdm name=""/></StgValue>
</operation>

<operation id="39" st_id="4" stage="1" lat="1">
<core>NULL</core>
<MemPortIdVec></MemPortIdVec>
<condition id="3">
<or_exp><and_exp></and_exp></or_exp>
</condition>

<Node id="42" bw="0" op_0_bw="0" op_1_bw="1" op_2_bw="1">
<![CDATA[
_ZN7_ap_sc_7sc_core4waitEi.exit:10  call void @_ssdm_op_Write.ap_auto.volatile.i1P(i1* %transmitterReady, i1 true)

]]></Node>
<StgValue><ssdm name=""/></StgValue>
</operation>
</state>

<state id="5" st_id="5">

<operation id="40" st_id="5" stage="1" lat="1">
<core>NULL</core>
<MemPortIdVec></MemPortIdVec>
<condition id="4">
<or_exp><and_exp></and_exp></or_exp>
</condition>

<Node id="43" bw="0" op_0_bw="0" op_1_bw="32">
<![CDATA[
_ZN7_ap_sc_7sc_core4waitEi.exit:11  call void (...)* @_ssdm_op_Wait(i32 1) nounwind

]]></Node>
<StgValue><ssdm name=""/></StgValue>
</operation>

<operation id="41" st_id="5" stage="1" lat="1">
<core>NULL</core>
<MemPortIdVec></MemPortIdVec>
<condition id="4">
<or_exp><and_exp></and_exp></or_exp>
</condition>

<Node id="44" bw="1" op_0_bw="1" op_1_bw="1">
<![CDATA[
_ZN7_ap_sc_7sc_core4waitEi.exit:12  %tmp_2 = call i1 @_ssdm_op_Read.ap_auto.volatile.i1P(i1* %receiverReady)

]]></Node>
<StgValue><ssdm name="tmp_2"/></StgValue>
</operation>

<operation id="42" st_id="5" stage="1" lat="1">
<core>LogicGate</core>
<MemPortIdVec></MemPortIdVec>
<condition id="4">
<or_exp><and_exp></and_exp></or_exp>
</condition>

<Node id="45" bw="1" op_0_bw="1" op_1_bw="1">
<![CDATA[
_ZN7_ap_sc_7sc_core4waitEi.exit:13  %tmp_3 = xor i1 %tmp_2, true

]]></Node>
<StgValue><ssdm name="tmp_3"/></StgValue>
</operation>

<operation id="43" st_id="5" stage="1" lat="1">
<core>NULL</core>
<MemPortIdVec></MemPortIdVec>
<condition id="4">
<or_exp><and_exp></and_exp></or_exp>
</condition>

<Node id="46" bw="0" op_0_bw="0" op_1_bw="1">
<![CDATA[
_ZN7_ap_sc_7sc_core4waitEi.exit:14  call void (...)* @_ssdm_op_Poll(i1 %tmp_3)

]]></Node>
<StgValue><ssdm name=""/></StgValue>
</operation>

<operation id="44" st_id="5" stage="1" lat="1">
<core>NULL</core>
<MemPortIdVec></MemPortIdVec>
<condition id="4">
<or_exp><and_exp></and_exp></or_exp>
</condition>

<Node id="47" bw="0" op_0_bw="0">
<![CDATA[
_ZN7_ap_sc_7sc_core4waitEi.exit:15  br label %_ZN7_ap_sc_7sc_core4waitEi.exit

]]></Node>
<StgValue><ssdm name=""/></StgValue>
</operation>
</state>
</state_list>


<ports>
<port id="50" name="inClk" dir="0" iftype="0">
<core>NULL</core><StgValue><ssdm name="inClk"/></StgValue>
</port>
<port id="51" name="inReset" dir="0" iftype="0">
<core>NULL</core><StgValue><ssdm name="inReset"/></StgValue>
</port>
<port id="52" name="inData" dir="0" iftype="0">
<core>AXI4LiteS</core><StgValue><ssdm name="inData"/></StgValue>
</port>
<port id="53" name="outData" dir="1" iftype="0">
<core>NULL</core><StgValue><ssdm name="outData"/></StgValue>
</port>
<port id="54" name="inDataReady" dir="0" iftype="0">
<core>AXI4LiteS</core><StgValue><ssdm name="inDataReady"/></StgValue>
</port>
<port id="55" name="transmitterReady" dir="1" iftype="0">
<core>NULL</core><StgValue><ssdm name="transmitterReady"/></StgValue>
</port>
<port id="56" name="receiverReady" dir="0" iftype="0">
<core>NULL</core><StgValue><ssdm name="receiverReady"/></StgValue>
</port>
</ports>


<dataflows>
<dataflow id="58" from="_ssdm_op_SpecBitsMap" to="StgValue_6" fromId="57" toId="6">
</dataflow>
<dataflow id="59" from="inClk" to="StgValue_6" fromId="50" toId="6">
</dataflow>
<dataflow id="60" from="_ssdm_op_SpecBitsMap" to="StgValue_7" fromId="57" toId="7">
</dataflow>
<dataflow id="61" from="inReset" to="StgValue_7" fromId="51" toId="7">
</dataflow>
<dataflow id="62" from="_ssdm_op_SpecBitsMap" to="StgValue_8" fromId="57" toId="8">
</dataflow>
<dataflow id="63" from="inData" to="StgValue_8" fromId="52" toId="8">
</dataflow>
<dataflow id="64" from="_ssdm_op_SpecBitsMap" to="StgValue_9" fromId="57" toId="9">
</dataflow>
<dataflow id="65" from="outData" to="StgValue_9" fromId="53" toId="9">
</dataflow>
<dataflow id="66" from="_ssdm_op_SpecBitsMap" to="StgValue_10" fromId="57" toId="10">
</dataflow>
<dataflow id="67" from="inDataReady" to="StgValue_10" fromId="54" toId="10">
</dataflow>
<dataflow id="68" from="_ssdm_op_SpecBitsMap" to="StgValue_11" fromId="57" toId="11">
</dataflow>
<dataflow id="69" from="transmitterReady" to="StgValue_11" fromId="55" toId="11">
</dataflow>
<dataflow id="70" from="_ssdm_op_SpecBitsMap" to="StgValue_12" fromId="57" toId="12">
</dataflow>
<dataflow id="71" from="receiverReady" to="StgValue_12" fromId="56" toId="12">
</dataflow>
<dataflow id="73" from="_ssdm_op_SpecPort" to="StgValue_13" fromId="72" toId="13">
</dataflow>
<dataflow id="75" from="p_str" to="StgValue_13" fromId="74" toId="13">
</dataflow>
<dataflow id="77" from="StgValue_76" to="StgValue_13" fromId="76" toId="13">
</dataflow>
<dataflow id="79" from="p_str1" to="StgValue_13" fromId="78" toId="13">
</dataflow>
<dataflow id="81" from="p_str2" to="StgValue_13" fromId="80" toId="13">
</dataflow>
<dataflow id="82" from="StgValue_76" to="StgValue_13" fromId="76" toId="13">
</dataflow>
<dataflow id="83" from="StgValue_76" to="StgValue_13" fromId="76" toId="13">
</dataflow>
<dataflow id="84" from="inClk" to="StgValue_13" fromId="50" toId="13">
</dataflow>
<dataflow id="85" from="_ssdm_op_SpecPort" to="StgValue_14" fromId="72" toId="14">
</dataflow>
<dataflow id="86" from="p_str" to="StgValue_14" fromId="74" toId="14">
</dataflow>
<dataflow id="87" from="StgValue_76" to="StgValue_14" fromId="76" toId="14">
</dataflow>
<dataflow id="88" from="p_str1" to="StgValue_14" fromId="78" toId="14">
</dataflow>
<dataflow id="90" from="p_str3" to="StgValue_14" fromId="89" toId="14">
</dataflow>
<dataflow id="91" from="StgValue_76" to="StgValue_14" fromId="76" toId="14">
</dataflow>
<dataflow id="92" from="StgValue_76" to="StgValue_14" fromId="76" toId="14">
</dataflow>
<dataflow id="93" from="inReset" to="StgValue_14" fromId="51" toId="14">
</dataflow>
<dataflow id="94" from="_ssdm_op_SpecPort" to="StgValue_15" fromId="72" toId="15">
</dataflow>
<dataflow id="95" from="p_str" to="StgValue_15" fromId="74" toId="15">
</dataflow>
<dataflow id="96" from="StgValue_76" to="StgValue_15" fromId="76" toId="15">
</dataflow>
<dataflow id="98" from="p_str4" to="StgValue_15" fromId="97" toId="15">
</dataflow>
<dataflow id="100" from="p_str5" to="StgValue_15" fromId="99" toId="15">
</dataflow>
<dataflow id="101" from="StgValue_76" to="StgValue_15" fromId="76" toId="15">
</dataflow>
<dataflow id="102" from="StgValue_76" to="StgValue_15" fromId="76" toId="15">
</dataflow>
<dataflow id="103" from="inData" to="StgValue_15" fromId="52" toId="15">
</dataflow>
<dataflow id="104" from="_ssdm_op_SpecPort" to="StgValue_16" fromId="72" toId="16">
</dataflow>
<dataflow id="105" from="p_str" to="StgValue_16" fromId="74" toId="16">
</dataflow>
<dataflow id="107" from="StgValue_106" to="StgValue_16" fromId="106" toId="16">
</dataflow>
<dataflow id="108" from="p_str4" to="StgValue_16" fromId="97" toId="16">
</dataflow>
<dataflow id="110" from="p_str6" to="StgValue_16" fromId="109" toId="16">
</dataflow>
<dataflow id="111" from="StgValue_76" to="StgValue_16" fromId="76" toId="16">
</dataflow>
<dataflow id="112" from="StgValue_76" to="StgValue_16" fromId="76" toId="16">
</dataflow>
<dataflow id="113" from="outData" to="StgValue_16" fromId="53" toId="16">
</dataflow>
<dataflow id="114" from="_ssdm_op_SpecPort" to="StgValue_17" fromId="72" toId="17">
</dataflow>
<dataflow id="115" from="p_str" to="StgValue_17" fromId="74" toId="17">
</dataflow>
<dataflow id="116" from="StgValue_76" to="StgValue_17" fromId="76" toId="17">
</dataflow>
<dataflow id="117" from="p_str1" to="StgValue_17" fromId="78" toId="17">
</dataflow>
<dataflow id="119" from="p_str7" to="StgValue_17" fromId="118" toId="17">
</dataflow>
<dataflow id="120" from="StgValue_76" to="StgValue_17" fromId="76" toId="17">
</dataflow>
<dataflow id="121" from="StgValue_76" to="StgValue_17" fromId="76" toId="17">
</dataflow>
<dataflow id="122" from="inDataReady" to="StgValue_17" fromId="54" toId="17">
</dataflow>
<dataflow id="123" from="_ssdm_op_SpecPort" to="StgValue_18" fromId="72" toId="18">
</dataflow>
<dataflow id="124" from="p_str" to="StgValue_18" fromId="74" toId="18">
</dataflow>
<dataflow id="125" from="StgValue_106" to="StgValue_18" fromId="106" toId="18">
</dataflow>
<dataflow id="126" from="p_str1" to="StgValue_18" fromId="78" toId="18">
</dataflow>
<dataflow id="128" from="p_str8" to="StgValue_18" fromId="127" toId="18">
</dataflow>
<dataflow id="129" from="StgValue_76" to="StgValue_18" fromId="76" toId="18">
</dataflow>
<dataflow id="130" from="StgValue_76" to="StgValue_18" fromId="76" toId="18">
</dataflow>
<dataflow id="131" from="transmitterReady" to="StgValue_18" fromId="55" toId="18">
</dataflow>
<dataflow id="132" from="_ssdm_op_SpecPort" to="StgValue_19" fromId="72" toId="19">
</dataflow>
<dataflow id="133" from="p_str" to="StgValue_19" fromId="74" toId="19">
</dataflow>
<dataflow id="134" from="StgValue_76" to="StgValue_19" fromId="76" toId="19">
</dataflow>
<dataflow id="135" from="p_str1" to="StgValue_19" fromId="78" toId="19">
</dataflow>
<dataflow id="137" from="p_str9" to="StgValue_19" fromId="136" toId="19">
</dataflow>
<dataflow id="138" from="StgValue_76" to="StgValue_19" fromId="76" toId="19">
</dataflow>
<dataflow id="139" from="StgValue_76" to="StgValue_19" fromId="76" toId="19">
</dataflow>
<dataflow id="140" from="receiverReady" to="StgValue_19" fromId="56" toId="19">
</dataflow>
<dataflow id="142" from="_ssdm_op_SpecProcessDef" to="StgValue_20" fromId="141" toId="20">
</dataflow>
<dataflow id="143" from="p_str" to="StgValue_20" fromId="74" toId="20">
</dataflow>
<dataflow id="145" from="StgValue_144" to="StgValue_20" fromId="144" toId="20">
</dataflow>
<dataflow id="147" from="p_str10" to="StgValue_20" fromId="146" toId="20">
</dataflow>
<dataflow id="149" from="_ssdm_op_SpecRegionBegin" to="tmp_4" fromId="148" toId="21">
</dataflow>
<dataflow id="151" from="p_str11" to="tmp_4" fromId="150" toId="21">
</dataflow>
<dataflow id="153" from="_ssdm_op_SpecProtocol" to="StgValue_22" fromId="152" toId="22">
</dataflow>
<dataflow id="154" from="StgValue_106" to="StgValue_22" fromId="106" toId="22">
</dataflow>
<dataflow id="156" from="p_str12" to="StgValue_22" fromId="155" toId="22">
</dataflow>
<dataflow id="158" from="_ssdm_op_SpecStateBegin" to="p_ssdm_reset_v" fromId="157" toId="23">
</dataflow>
<dataflow id="159" from="StgValue_76" to="p_ssdm_reset_v" fromId="76" toId="23">
</dataflow>
<dataflow id="160" from="StgValue_76" to="p_ssdm_reset_v" fromId="76" toId="23">
</dataflow>
<dataflow id="161" from="StgValue_106" to="p_ssdm_reset_v" fromId="106" toId="23">
</dataflow>
<dataflow id="163" from="_ssdm_op_SpecIFCore" to="StgValue_24" fromId="162" toId="24">
</dataflow>
<dataflow id="164" from="inData" to="StgValue_24" fromId="52" toId="24">
</dataflow>
<dataflow id="165" from="p_str12" to="StgValue_24" fromId="155" toId="24">
</dataflow>
<dataflow id="167" from="p_str14" to="StgValue_24" fromId="166" toId="24">
</dataflow>
<dataflow id="168" from="p_str12" to="StgValue_24" fromId="155" toId="24">
</dataflow>
<dataflow id="170" from="StgValue_169" to="StgValue_24" fromId="169" toId="24">
</dataflow>
<dataflow id="171" from="p_str12" to="StgValue_24" fromId="155" toId="24">
</dataflow>
<dataflow id="172" from="p_str12" to="StgValue_24" fromId="155" toId="24">
</dataflow>
<dataflow id="173" from="p_str12" to="StgValue_24" fromId="155" toId="24">
</dataflow>
<dataflow id="174" from="p_str12" to="StgValue_24" fromId="155" toId="24">
</dataflow>
<dataflow id="176" from="p_str15" to="StgValue_24" fromId="175" toId="24">
</dataflow>
<dataflow id="177" from="_ssdm_op_SpecIFCore" to="StgValue_25" fromId="162" toId="25">
</dataflow>
<dataflow id="178" from="inDataReady" to="StgValue_25" fromId="54" toId="25">
</dataflow>
<dataflow id="179" from="p_str12" to="StgValue_25" fromId="155" toId="25">
</dataflow>
<dataflow id="180" from="p_str14" to="StgValue_25" fromId="166" toId="25">
</dataflow>
<dataflow id="181" from="p_str12" to="StgValue_25" fromId="155" toId="25">
</dataflow>
<dataflow id="182" from="StgValue_169" to="StgValue_25" fromId="169" toId="25">
</dataflow>
<dataflow id="183" from="p_str12" to="StgValue_25" fromId="155" toId="25">
</dataflow>
<dataflow id="184" from="p_str12" to="StgValue_25" fromId="155" toId="25">
</dataflow>
<dataflow id="185" from="p_str12" to="StgValue_25" fromId="155" toId="25">
</dataflow>
<dataflow id="186" from="p_str12" to="StgValue_25" fromId="155" toId="25">
</dataflow>
<dataflow id="187" from="p_str15" to="StgValue_25" fromId="175" toId="25">
</dataflow>
<dataflow id="189" from="_ssdm_op_SpecStateEnd" to="empty" fromId="188" toId="26">
</dataflow>
<dataflow id="190" from="p_ssdm_reset_v" to="empty" fromId="23" toId="26">
</dataflow>
<dataflow id="192" from="_ssdm_op_SpecRegionEnd" to="empty_2" fromId="191" toId="27">
</dataflow>
<dataflow id="193" from="p_str11" to="empty_2" fromId="150" toId="27">
</dataflow>
<dataflow id="194" from="tmp_4" to="empty_2" fromId="21" toId="27">
</dataflow>
<dataflow id="196" from="_ssdm_op_Wait" to="StgValue_29" fromId="195" toId="29">
</dataflow>
<dataflow id="197" from="StgValue_106" to="StgValue_29" fromId="106" toId="29">
</dataflow>
<dataflow id="199" from="_ssdm_op_Write.ap_auto.volatile.i1P" to="StgValue_30" fromId="198" toId="30">
</dataflow>
<dataflow id="200" from="transmitterReady" to="StgValue_30" fromId="55" toId="30">
</dataflow>
<dataflow id="202" from="StgValue_201" to="StgValue_30" fromId="201" toId="30">
</dataflow>
<dataflow id="203" from="_ssdm_op_Wait" to="StgValue_31" fromId="195" toId="31">
</dataflow>
<dataflow id="204" from="StgValue_106" to="StgValue_31" fromId="106" toId="31">
</dataflow>
<dataflow id="206" from="_ssdm_op_Read.ap_auto.volatile.i1P" to="tmp" fromId="205" toId="32">
</dataflow>
<dataflow id="207" from="inDataReady" to="tmp" fromId="54" toId="32">
</dataflow>
<dataflow id="209" from="_ssdm_op_Poll" to="StgValue_33" fromId="208" toId="33">
</dataflow>
<dataflow id="210" from="tmp" to="StgValue_33" fromId="32" toId="33">
</dataflow>
<dataflow id="212" from="_ssdm_op_Read.ap_auto.volatile.i4P" to="val_V" fromId="211" toId="34">
</dataflow>
<dataflow id="213" from="inData" to="val_V" fromId="52" toId="34">
</dataflow>
<dataflow id="214" from="_ssdm_op_Wait" to="StgValue_35" fromId="195" toId="35">
</dataflow>
<dataflow id="215" from="StgValue_106" to="StgValue_35" fromId="106" toId="35">
</dataflow>
<dataflow id="216" from="_ssdm_op_Read.ap_auto.volatile.i1P" to="tmp_1" fromId="205" toId="36">
</dataflow>
<dataflow id="217" from="receiverReady" to="tmp_1" fromId="56" toId="36">
</dataflow>
<dataflow id="218" from="_ssdm_op_Poll" to="StgValue_37" fromId="208" toId="37">
</dataflow>
<dataflow id="219" from="tmp_1" to="StgValue_37" fromId="36" toId="37">
</dataflow>
<dataflow id="221" from="_ssdm_op_Write.ap_auto.volatile.i4P" to="StgValue_38" fromId="220" toId="38">
</dataflow>
<dataflow id="222" from="outData" to="StgValue_38" fromId="53" toId="38">
</dataflow>
<dataflow id="223" from="val_V" to="StgValue_38" fromId="34" toId="38">
</dataflow>
<dataflow id="224" from="_ssdm_op_Write.ap_auto.volatile.i1P" to="StgValue_39" fromId="198" toId="39">
</dataflow>
<dataflow id="225" from="transmitterReady" to="StgValue_39" fromId="55" toId="39">
</dataflow>
<dataflow id="227" from="StgValue_226" to="StgValue_39" fromId="226" toId="39">
</dataflow>
<dataflow id="228" from="_ssdm_op_Wait" to="StgValue_40" fromId="195" toId="40">
</dataflow>
<dataflow id="229" from="StgValue_106" to="StgValue_40" fromId="106" toId="40">
</dataflow>
<dataflow id="230" from="_ssdm_op_Read.ap_auto.volatile.i1P" to="tmp_2" fromId="205" toId="41">
</dataflow>
<dataflow id="231" from="receiverReady" to="tmp_2" fromId="56" toId="41">
</dataflow>
<dataflow id="232" from="tmp_2" to="tmp_3" fromId="41" toId="42">
</dataflow>
<dataflow id="233" from="StgValue_226" to="tmp_3" fromId="226" toId="42">
</dataflow>
<dataflow id="234" from="_ssdm_op_Poll" to="StgValue_43" fromId="208" toId="43">
</dataflow>
<dataflow id="235" from="tmp_3" to="StgValue_43" fromId="42" toId="43">
</dataflow>
</dataflows>


</stg>
