<?xml version="1.0" encoding="UTF-8"?>
<GenRun Id="impl_1" LaunchPart="xc7z010clg400-1" LaunchTime="1609614889">
  <File Type="PLACE-DCP" Name="Receiver_placed.dcp"/>
  <File Type="PA-DCP" Name="Receiver.dcp"/>
  <File Type="OPT-METHODOLOGY-DRC" Name="Receiver_methodology_drc_opted.rpt"/>
  <File Type="INIT-TIMING" Name="Receiver_timing_summary_init.rpt"/>
  <File Type="ROUTE-PWR-RPX" Name="Receiver_power_routed.rpx"/>
  <File Type="PA-TCL" Name="Receiver.tcl"/>
  <File Type="OPT-HWDEF" Name="Receiver.hwdef"/>
  <File Type="RDI-RDI" Name="Receiver.vdi"/>
  <File Type="OPT-DCP" Name="Receiver_opt.dcp"/>
  <File Type="OPT-DRC" Name="Receiver_drc_opted.rpt"/>
  <File Type="OPT-TIMING" Name="Receiver_timing_summary_opted.rpt"/>
  <File Type="PWROPT-DCP" Name="Receiver_pwropt.dcp"/>
  <File Type="PWROPT-DRC" Name="Receiver_drc_pwropted.rpt"/>
  <File Type="PWROPT-TIMING" Name="Receiver_timing_summary_pwropted.rpt"/>
  <File Type="PLACE-IO" Name="Receiver_io_placed.rpt"/>
  <File Type="PLACE-CLK" Name="Receiver_clock_utilization_placed.rpt"/>
  <File Type="PLACE-UTIL" Name="Receiver_utilization_placed.rpt"/>
  <File Type="PLACE-UTIL-PB" Name="Receiver_utilization_placed.pb"/>
  <File Type="PLACE-CTRL" Name="Receiver_control_sets_placed.rpt"/>
  <File Type="PLACE-SIMILARITY" Name="Receiver_incremental_reuse_placed.rpt"/>
  <File Type="PLACE-PRE-SIMILARITY" Name="Receiver_incremental_reuse_pre_placed.rpt"/>
  <File Type="PLACE-TIMING" Name="Receiver_timing_summary_placed.rpt"/>
  <File Type="POSTPLACE-PWROPT-DCP" Name="Receiver_postplace_pwropt.dcp"/>
  <File Type="POSTPLACE-PWROPT-TIMING" Name="Receiver_timing_summary_postplace_pwropted.rpt"/>
  <File Type="PHYSOPT-DCP" Name="Receiver_physopt.dcp"/>
  <File Type="PHYSOPT-DRC" Name="Receiver_drc_physopted.rpt"/>
  <File Type="PHYSOPT-TIMING" Name="Receiver_timing_summary_physopted.rpt"/>
  <File Type="ROUTE-ERROR-DCP" Name="Receiver_routed_error.dcp"/>
  <File Type="ROUTE-DCP" Name="Receiver_routed.dcp"/>
  <File Type="ROUTE-BLACKBOX-DCP" Name="Receiver_routed_bb.dcp"/>
  <File Type="ROUTE-DRC" Name="Receiver_drc_routed.rpt"/>
  <File Type="ROUTE-DRC-PB" Name="Receiver_drc_routed.pb"/>
  <File Type="BG-BIN" Name="Receiver.bin"/>
  <File Type="ROUTE-DRC-RPX" Name="Receiver_drc_routed.rpx"/>
  <File Type="BG-DRC" Name="Receiver.drc"/>
  <File Type="ROUTE-METHODOLOGY-DRC" Name="Receiver_methodology_drc_routed.rpt"/>
  <File Type="BITSTR-MSK" Name="Receiver.msk"/>
  <File Type="ROUTE-METHODOLOGY-DRC-RPX" Name="Receiver_methodology_drc_routed.rpx"/>
  <File Type="BG-BGN" Name="Receiver.bgn"/>
  <File Type="ROUTE-METHODOLOGY-DRC-PB" Name="Receiver_methodology_drc_routed.pb"/>
  <File Type="ROUTE-PWR" Name="Receiver_power_routed.rpt"/>
  <File Type="ROUTE-PWR-SUM" Name="Receiver_power_summary_routed.pb"/>
  <File Type="ROUTE-STATUS" Name="Receiver_route_status.rpt"/>
  <File Type="ROUTE-STATUS-PB" Name="Receiver_route_status.pb"/>
  <File Type="ROUTE-TIMINGSUMMARY" Name="Receiver_timing_summary_routed.rpt"/>
  <File Type="ROUTE-TIMING-PB" Name="Receiver_timing_summary_routed.pb"/>
  <File Type="ROUTE-TIMING-RPX" Name="Receiver_timing_summary_routed.rpx"/>
  <File Type="ROUTE-SIMILARITY" Name="Receiver_incremental_reuse_routed.rpt"/>
  <File Type="ROUTE-CLK" Name="Receiver_clock_utilization_routed.rpt"/>
  <File Type="POSTROUTE-PHYSOPT-DCP" Name="Receiver_postroute_physopt.dcp"/>
  <File Type="POSTROUTE-PHYSOPT-BLACKBOX-DCP" Name="Receiver_postroute_physopt_bb.dcp"/>
  <File Type="POSTROUTE-PHYSOPT-TIMING" Name="Receiver_timing_summary_postroute_physopted.rpt"/>
  <File Type="POSTROUTE-PHYSOPT-TIMING-PB" Name="Receiver_timing_summary_postroute_physopted.pb"/>
  <File Type="POSTROUTE-PHYSOPT-TIMING-RPX" Name="Receiver_timing_summary_postroute_physopted.rpx"/>
  <File Type="BG-BIT" Name="Receiver.bit"/>
  <File Type="BITSTR-RBT" Name="Receiver.rbt"/>
  <File Type="BITSTR-NKY" Name="Receiver.nky"/>
  <File Type="BITSTR-BMM" Name="Receiver_bd.bmm"/>
  <File Type="BITSTR-MMI" Name="Receiver.mmi"/>
  <File Type="BITSTR-SYSDEF" Name="Receiver.sysdef"/>
  <File Type="WBT-USG" Name="usage_statistics_webtalk.html"/>
  <FileSet Name="sources" Type="DesignSrcs" RelSrcDir="$PSRCDIR/sources_1">
    <Filter Type="Srcs"/>
    <File Path="$PPRDIR/Receiver.vhd">
      <FileInfo>
        <Attr Name="UsedIn" Val="synthesis"/>
        <Attr Name="UsedIn" Val="simulation"/>
      </FileInfo>
    </File>
    <File Path="$PPRDIR/Receiver_receiverThread.vhd">
      <FileInfo>
        <Attr Name="UsedIn" Val="synthesis"/>
        <Attr Name="UsedIn" Val="simulation"/>
      </FileInfo>
    </File>
    <Config>
      <Option Name="DesignMode" Val="RTL"/>
      <Option Name="TopModule" Val="Receiver"/>
      <Option Name="TopAutoSet" Val="TRUE"/>
    </Config>
  </FileSet>
  <FileSet Name="constrs_in" Type="Constrs" RelSrcDir="$PSRCDIR/constrs_1">
    <Filter Type="Constrs"/>
    <File Path="$PPRDIR/Receiver.xdc">
      <FileInfo>
        <Attr Name="UsedIn" Val="synthesis"/>
        <Attr Name="UsedIn" Val="implementation"/>
      </FileInfo>
    </File>
    <Config>
      <Option Name="ConstrsType" Val="XDC"/>
    </Config>
  </FileSet>
  <Strategy Version="1" Minor="2">
    <StratHandle Name="Vivado Implementation Defaults" Flow="Vivado Implementation 2017">
      <Desc>Default settings for Implementation.</Desc>
    </StratHandle>
    <Step Id="init_design"/>
    <Step Id="opt_design"/>
    <Step Id="power_opt_design"/>
    <Step Id="place_design"/>
    <Step Id="post_place_power_opt_design"/>
    <Step Id="phys_opt_design" EnableStepBool="1"/>
    <Step Id="route_design"/>
    <Step Id="post_route_phys_opt_design"/>
    <Step Id="write_bitstream"/>
  </Strategy>
</GenRun>
