<?xml version="1.0" encoding="UTF-8"?>
<GenRun Id="impl_1" LaunchPart="xc7z010clg400-1" LaunchTime="1609616301">
  <File Type="PLACE-DCP" Name="Transmitter_placed.dcp"/>
  <File Type="PA-DCP" Name="Transmitter.dcp"/>
  <File Type="OPT-METHODOLOGY-DRC" Name="Transmitter_methodology_drc_opted.rpt"/>
  <File Type="INIT-TIMING" Name="Transmitter_timing_summary_init.rpt"/>
  <File Type="ROUTE-PWR-RPX" Name="Transmitter_power_routed.rpx"/>
  <File Type="PA-TCL" Name="Transmitter.tcl"/>
  <File Type="OPT-HWDEF" Name="Transmitter.hwdef"/>
  <File Type="RDI-RDI" Name="Transmitter.vdi"/>
  <File Type="OPT-DCP" Name="Transmitter_opt.dcp"/>
  <File Type="OPT-DRC" Name="Transmitter_drc_opted.rpt"/>
  <File Type="OPT-TIMING" Name="Transmitter_timing_summary_opted.rpt"/>
  <File Type="PWROPT-DCP" Name="Transmitter_pwropt.dcp"/>
  <File Type="PWROPT-DRC" Name="Transmitter_drc_pwropted.rpt"/>
  <File Type="PWROPT-TIMING" Name="Transmitter_timing_summary_pwropted.rpt"/>
  <File Type="PLACE-IO" Name="Transmitter_io_placed.rpt"/>
  <File Type="PLACE-CLK" Name="Transmitter_clock_utilization_placed.rpt"/>
  <File Type="PLACE-UTIL" Name="Transmitter_utilization_placed.rpt"/>
  <File Type="PLACE-UTIL-PB" Name="Transmitter_utilization_placed.pb"/>
  <File Type="PLACE-CTRL" Name="Transmitter_control_sets_placed.rpt"/>
  <File Type="PLACE-SIMILARITY" Name="Transmitter_incremental_reuse_placed.rpt"/>
  <File Type="PLACE-PRE-SIMILARITY" Name="Transmitter_incremental_reuse_pre_placed.rpt"/>
  <File Type="PLACE-TIMING" Name="Transmitter_timing_summary_placed.rpt"/>
  <File Type="POSTPLACE-PWROPT-DCP" Name="Transmitter_postplace_pwropt.dcp"/>
  <File Type="POSTPLACE-PWROPT-TIMING" Name="Transmitter_timing_summary_postplace_pwropted.rpt"/>
  <File Type="PHYSOPT-DCP" Name="Transmitter_physopt.dcp"/>
  <File Type="PHYSOPT-DRC" Name="Transmitter_drc_physopted.rpt"/>
  <File Type="PHYSOPT-TIMING" Name="Transmitter_timing_summary_physopted.rpt"/>
  <File Type="ROUTE-ERROR-DCP" Name="Transmitter_routed_error.dcp"/>
  <File Type="ROUTE-DCP" Name="Transmitter_routed.dcp"/>
  <File Type="ROUTE-BLACKBOX-DCP" Name="Transmitter_routed_bb.dcp"/>
  <File Type="ROUTE-DRC" Name="Transmitter_drc_routed.rpt"/>
  <File Type="ROUTE-DRC-PB" Name="Transmitter_drc_routed.pb"/>
  <File Type="BG-BIN" Name="Transmitter.bin"/>
  <File Type="ROUTE-DRC-RPX" Name="Transmitter_drc_routed.rpx"/>
  <File Type="BG-DRC" Name="Transmitter.drc"/>
  <File Type="ROUTE-METHODOLOGY-DRC" Name="Transmitter_methodology_drc_routed.rpt"/>
  <File Type="BITSTR-MSK" Name="Transmitter.msk"/>
  <File Type="ROUTE-METHODOLOGY-DRC-RPX" Name="Transmitter_methodology_drc_routed.rpx"/>
  <File Type="BG-BGN" Name="Transmitter.bgn"/>
  <File Type="ROUTE-METHODOLOGY-DRC-PB" Name="Transmitter_methodology_drc_routed.pb"/>
  <File Type="ROUTE-PWR" Name="Transmitter_power_routed.rpt"/>
  <File Type="ROUTE-PWR-SUM" Name="Transmitter_power_summary_routed.pb"/>
  <File Type="ROUTE-STATUS" Name="Transmitter_route_status.rpt"/>
  <File Type="ROUTE-STATUS-PB" Name="Transmitter_route_status.pb"/>
  <File Type="ROUTE-TIMINGSUMMARY" Name="Transmitter_timing_summary_routed.rpt"/>
  <File Type="ROUTE-TIMING-PB" Name="Transmitter_timing_summary_routed.pb"/>
  <File Type="ROUTE-TIMING-RPX" Name="Transmitter_timing_summary_routed.rpx"/>
  <File Type="ROUTE-SIMILARITY" Name="Transmitter_incremental_reuse_routed.rpt"/>
  <File Type="ROUTE-CLK" Name="Transmitter_clock_utilization_routed.rpt"/>
  <File Type="POSTROUTE-PHYSOPT-DCP" Name="Transmitter_postroute_physopt.dcp"/>
  <File Type="POSTROUTE-PHYSOPT-BLACKBOX-DCP" Name="Transmitter_postroute_physopt_bb.dcp"/>
  <File Type="POSTROUTE-PHYSOPT-TIMING" Name="Transmitter_timing_summary_postroute_physopted.rpt"/>
  <File Type="POSTROUTE-PHYSOPT-TIMING-PB" Name="Transmitter_timing_summary_postroute_physopted.pb"/>
  <File Type="POSTROUTE-PHYSOPT-TIMING-RPX" Name="Transmitter_timing_summary_postroute_physopted.rpx"/>
  <File Type="BG-BIT" Name="Transmitter.bit"/>
  <File Type="BITSTR-RBT" Name="Transmitter.rbt"/>
  <File Type="BITSTR-NKY" Name="Transmitter.nky"/>
  <File Type="BITSTR-BMM" Name="Transmitter_bd.bmm"/>
  <File Type="BITSTR-MMI" Name="Transmitter.mmi"/>
  <File Type="BITSTR-SYSDEF" Name="Transmitter.sysdef"/>
  <File Type="WBT-USG" Name="usage_statistics_webtalk.html"/>
  <FileSet Name="sources" Type="DesignSrcs" RelSrcDir="$PSRCDIR/sources_1">
    <Filter Type="Srcs"/>
    <File Path="$PPRDIR/Transmitter.vhd">
      <FileInfo>
        <Attr Name="UsedIn" Val="synthesis"/>
        <Attr Name="UsedIn" Val="simulation"/>
      </FileInfo>
    </File>
    <File Path="$PPRDIR/Transmitter_transmitterThread.vhd">
      <FileInfo>
        <Attr Name="UsedIn" Val="synthesis"/>
        <Attr Name="UsedIn" Val="simulation"/>
      </FileInfo>
    </File>
    <Config>
      <Option Name="DesignMode" Val="RTL"/>
      <Option Name="TopModule" Val="Transmitter"/>
      <Option Name="TopAutoSet" Val="TRUE"/>
    </Config>
  </FileSet>
  <FileSet Name="constrs_in" Type="Constrs" RelSrcDir="$PSRCDIR/constrs_1">
    <Filter Type="Constrs"/>
    <File Path="$PPRDIR/Transmitter.xdc">
      <FileInfo>
        <Attr Name="UsedIn" Val="synthesis"/>
        <Attr Name="UsedIn" Val="implementation"/>
      </FileInfo>
    </File>
    <Config>
      <Option Name="ConstrsType" Val="XDC"/>
    </Config>
  </FileSet>
  <Strategy Version="1" Minor="2">
    <StratHandle Name="Vivado Implementation Defaults" Flow="Vivado Implementation 2017">
      <Desc>Default settings for Implementation.</Desc>
    </StratHandle>
    <Step Id="init_design"/>
    <Step Id="opt_design"/>
    <Step Id="power_opt_design"/>
    <Step Id="place_design"/>
    <Step Id="post_place_power_opt_design"/>
    <Step Id="phys_opt_design" EnableStepBool="1"/>
    <Step Id="route_design"/>
    <Step Id="post_route_phys_opt_design"/>
    <Step Id="write_bitstream"/>
  </Strategy>
</GenRun>
